permno,permco,date,prc,shrout,market_equity,ticker,comnam,shrcd,exchcd,ncusip,rank
11850,20678,2010-12-31,73.12,5042557.0,368711767.84000003,XOM,EXXON MOBIL CORP,11,1,30231G10,1
14593,7,2010-12-31,322.56,921035.0,297089049.6,AAPL,APPLE INC,11,3,03783310,2
10107,8048,2010-12-31,27.91,8403000.0,234527730.0,MSFT,MICROSOFT CORP,11,3,59491810,3
12060,20792,2010-12-31,18.29,10654718.0,194874792.22,GE,GENERAL ELECTRIC CO,11,1,36960410,4
55976,21880,2010-12-31,53.93,3561994.0,192098336.42,WMT,WAL MART STORES INC,11,1,93114210,5
14541,20440,2010-12-31,91.25,2012428.0,183634055.0,CVX,CHEVRON CORP NEW,11,1,16676410,6
12490,20990,2010-12-31,146.75999,1242361.0,182328887.93638998,IBM,INTERNATIONAL BUSINESS MACHS COR,11,1,45920010,7
18163,21446,2010-12-31,64.33,2799193.0,180072085.69,PG,PROCTER & GAMBLE CO,11,1,74271810,8
66093,21645,2010-12-31,29.38,5910000.0,173635800.0,T,A T & T INC,11,1,00206R10,9
22111,21018,2010-12-31,61.85,2746254.0,169855809.9,JNJ,JOHNSON & JOHNSON,11,1,47816010,10
47896,20436,2010-12-31,42.42,3909181.0,165827458.02,JPM,JPMORGAN CHASE & CO,11,1,46625H10,11
38703,21305,2010-12-31,30.99,5248756.0,162658948.44,WFC,WELLS FARGO & CO NEW,11,1,94974610,12
10104,8045,2010-12-31,31.3,5052420.0,158140746.0,ORCL,ORACLE CORP,11,3,68389X10,13
11308,20468,2010-12-31,65.77,2322034.0,152720176.17999998,KO,COCA COLA CO,11,1,19121610,14
90319,45483,2010-12-31,593.96997,243611.0,144697618.36167,GOOG,GOOGLE INC,11,3,38259P50,15
21936,21394,2010-12-31,17.51,8009951.0,140254242.01000002,PFE,PFIZER INC,11,1,71708110,16
70519,20483,2010-12-31,4.73,29049600.0,137404608.0,C,CITIGROUP INC,11,1,17296710,17
59408,3151,2010-12-31,13.34,10085147.0,134535860.98,BAC,BANK OF AMERICA CORP,11,1,06050510,18
59328,2367,2010-12-31,21.03,5511000.0,115896330.0,INTC,INTEL CORP,11,3,45814010,19
17778,540,2010-12-31,120450.0,956.0,115150200.0,BRK,BERKSHIRE HATHAWAY INC DEL,11,1,08467010,20
76076,10486,2010-12-31,20.23,5542762.0,112130075.26,CSCO,CISCO SYSTEMS INC,11,3,17275R10,21
22752,21188,2010-12-31,36.04,3080881.0,111034951.24,MRK,MERCK & CO INC NEW,11,1,58933Y10,22
92602,52978,2010-12-31,58.53,1814394.0,106196480.82000001,PM,PHILIP MORRIS INTERNATIONAL INC,11,1,71817210,23
13856,21384,2010-12-31,65.33,1584841.0,103537662.53,PEP,PEPSICO INC,11,1,71344810,24
65875,20288,2010-12-31,35.78,2826783.0,101142295.74000001,VZ,VERIZON COMMUNICATIONS INC,11,1,92343V10,25
13928,21401,2010-12-31,68.1,1469225.0,100054222.49999999,COP,CONOCOPHILLIPS,11,1,20825C10,26
27828,20908,2010-12-31,42.1,2190426.0,92216934.60000001,HPQ,HEWLETT PACKARD CO,11,1,42823610,27
86868,35048,2010-12-31,168.16,511243.0,85970622.88,GS,GOLDMAN SACHS GROUP INC,11,1,38141G10,28
83443,540,2010-12-31,80.11,1037799.0,83138077.89,BRK,BERKSHIRE HATHAWAY INC DEL,11,1,08467070,29
84788,15473,2010-12-31,180.0,451000.0,81180000.0,AMZN,AMAZON COM INC,11,3,02313510,30
43449,21177,2010-12-31,76.76,1056507.0,81097477.32000001,MCD,MCDONALDS CORP,11,1,58013510,31
77178,11253,2010-12-31,49.49,1634000.0,80866660.0,QCOM,QUALCOMM INC,11,3,74752510,32
34833,21322,2010-12-31,98.1,812586.0,79714686.6,OXY,OCCIDENTAL PETROLEUM CORP,11,1,67459910,33
20482,20017,2010-12-31,47.91,1545816.0,74060044.55999999,ABT,ABBOTT LABORATORIES,11,1,00282410,34
17830,21832,2010-12-31,78.72,923407.0,72690599.03999999,UTX,UNITED TECHNOLOGIES CORP,11,1,91301710,35
26403,20587,2010-12-31,37.51,1893584.0,71028335.84,DIS,DISNEY WALT CO,11,1,25468710,36
22592,21205,2010-12-31,86.3,714859.0,61692331.699999996,MMM,3M CO,11,1,88579Y10,37
18542,20408,2010-12-31,93.66,634703.0,59446282.98,CAT,CATERPILLAR INC,11,1,14912310,38
12369,53554,2010-12-31,36.86,1571700.0,57932862.0,GM,GENERAL MOTORS CO,11,1,37045V10,39
66181,5085,2010-12-31,35.06,1638821.0,57457064.260000005,HD,HOME DEPOT INC,11,1,43707610,40
25785,20750,2010-12-31,16.79,3401803.0,57116272.37,F,FORD MOTOR CO DEL,11,1,34537086,41
81774,20763,2010-12-31,120.09,471000.0,56562390.0,FCX,FREEPORT MCMORAN COPPER & GOLD,11,1,35671D85,42
89006,41680,2010-12-31,31.51,1746774.0,55040848.74,KFT,KRAFT FOODS INC,11,1,50075N10,43
87447,36383,2010-12-31,72.58,728907.0,52904070.06,UPS,UNITED PARCEL SERVICE INC,11,1,91131210,44
66157,1645,2010-12-31,26.97,1918307.0,51736739.79,USB,U S BANCORP DEL,11,1,90297330,45
59176,90,2010-12-31,42.92,1203764.0,51665550.88,AXP,AMERICAN EXPRESS CO,11,1,02581610,46
13901,21398,2010-12-31,24.62,2087827.0,51402300.74,MO,ALTRIA GROUP INC,11,1,02209S10,47
14008,216,2010-12-31,54.9,932000.0,51166800.0,AMGN,AMGEN INC,11,3,03116210,48
19561,20315,2010-12-31,65.26,733580.0,47873430.800000004,BA,BOEING CO,11,1,09702310,49
17005,21185,2010-12-31,34.77,1358800.0,47245476.00000001,CVS,C V S CAREMARK CORP,11,1,12665010,50
10147,8093,2010-12-31,22.9,2060396.0,47183068.4,EMC,E M C CORP MA,11,1,26864810,51
48725,21810,2010-12-31,92.66,493149.0,45695186.339999996,UNP,UNION PACIFIC CORP,11,1,90781810,52
11703,20606,2010-12-31,49.88,912894.0,45535152.72,DD,DU PONT E I DE NEMOURS & CO,11,1,26353410,53
89525,43613,2010-12-31,21.97,2069590.0,45468892.3,CMCSA,COMCAST CORP NEW,11,3,20030N10,54
19393,20331,2010-12-31,26.48,1711685.0,45325418.8,BMY,BRISTOL MYERS SQUIBB CO,11,1,11012210,55
87842,37138,2010-12-31,44.44,985255.0,43784732.199999996,MET,METLIFE INC,11,1,59156R10,56
39490,20204,2010-12-31,119.23,364591.0,43470184.93,APA,APACHE CORP,11,1,03741110,57
22103,20643,2010-12-31,57.17,754285.0,43122473.45,EMR,EMERSON ELECTRIC CO,11,1,29101110,58
49154,20561,2010-12-31,60.13,708082.0,42576970.660000004,TGT,TARGET CORP,11,1,87612E10,59
10145,22168,2010-12-31,53.16,780173.0,41473996.68,HON,HONEYWELL INTERNATIONAL INC,11,1,43851610,60
82800,31574,2010-12-31,48.74,850000.0,41429000.0,SCCO,SOUTHERN COPPER CORP,11,1,84265V10,61
69032,21224,2010-12-31,27.21,1512877.0,41165383.17,MS,MORGAN STANLEY DEAN WITTER & CO,11,1,61744644,62
50876,21102,2010-12-31,35.04,1153143.0,40406130.72,LLY,LILLY ELI & CO,11,1,53245710,63
60097,2850,2010-12-31,37.09,1073476.0,39815224.84,MDT,MEDTRONIC INC,11,1,58505510,64
92655,7267,2010-12-31,36.11,1099938.0,39718761.18,UNH,UNITEDHEALTH GROUP INC,11,1,91324P10,65
20626,20597,2010-12-31,34.14,1160716.0,39626844.24,DOW,DOW CHEMICAL CO,11,1,26054310,66
18729,20473,2010-12-31,80.37,482684.0,38793313.080000006,CL,COLGATE PALMOLIVE CO,11,1,19416210,67
66800,137,2010-12-31,57.62,672138.0,38728591.559999995,AIG,AMERICAN INTERNATIONAL GROUP INC,11,1,02687478,68
15579,21737,2010-12-31,32.5,1174157.0,38160102.5,TXN,TEXAS INSTRUMENTS INC,11,1,88250810,69
70332,20194,2010-12-31,76.16,495592.0,37744286.72,APC,ANADARKO PETROLEUM CORP,11,1,03251110,70
49656,20265,2010-12-31,30.2,1240454.0,37461710.8,BK,BANK OF NEW YORK MELLON CORP,11,1,06405810,71
23819,20868,2010-12-31,40.83,916960.0,37439476.8,HAL,HALLIBURTON CO,11,1,40621610,72
88668,40148,2010-12-31,69.64,536447.0,37358169.08,MON,MONSANTO CO NEW,11,1,61166W10,73
86356,16285,2010-12-31,27.83,1297710.0,36115269.3,EBAY,EBAY INC,11,3,27864210,74
19502,21881,2010-12-31,38.96,925764.0,36067765.44,WAG,WALGREEN CO,11,1,93142210,75
77418,11412,2010-12-31,32.17,1109297.0,35686084.49,TWX,TIME WARNER INC NEW,11,1,88731730,76
19350,20566,2010-12-31,83.05,422711.0,35106148.55,DE,DEERE & CO,11,1,24419910,77
92611,52983,2010-12-31,70.38,496799.0,34964713.62,V,VISA INC,11,1,92826C83,78
61399,2709,2010-12-31,25.08,1380004.0,34610500.32,LOW,LOWES COMPANIES INC,11,1,54866110,79
90386,45695,2010-12-31,76.36,445654.0,34030139.44,MOS,MOSAIC CO,11,1,61945A10,80
87137,35222,2010-12-31,78.51,431900.0,33908469.0,DVN,DEVON ENERGY CORP NEW,11,1,25179M10,81
57665,3194,2010-12-31,85.42,387883.0,33132965.86,NKE,NIKE INC,11,1,65410610,82
89954,44708,2010-12-31,39.93,808447.0,32281288.71,DTV,DIRECTV,11,3,25490A10,83
60442,3685,2010-12-31,60.72,525796.0,31926333.12,PNC,P N C FINANCIAL SERVICES GRP INC,11,1,69347510,84
18411,21640,2010-12-31,38.23,830706.0,31757890.38,SO,SOUTHERN CO,11,1,84258710,85
87055,7882,2010-12-31,72.21,436525.0,31521470.249999996,COST,COSTCO WHOLESALE CORP NEW,11,3,22160K10,86
90505,46024,2010-12-31,45.95,684730.0,31463343.500000004,LVS,LAS VEGAS SANDS CORP,11,1,51783410,87
49680,20557,2010-12-31,47.17,653954.0,30847010.18,DHR,DANAHER CORP,11,1,23585110,88
22293,20523,2010-12-31,19.32,1562879.0,30194822.28,GLW,CORNING INC,11,1,21935010,89
21207,21286,2010-12-31,61.43,486198.0,29867143.14,NEM,NEWMONT MINING CORP,11,1,65163910,90
27887,20277,2010-12-31,50.62,582727.0,29497640.74,BAX,BAXTER INTERNATIONAL INC,11,1,07181310,91
60628,1685,2010-12-31,93.01,315021.0,29300103.21,FDX,FEDEX CORP,11,1,31428X10,92
77768,29540,2010-12-31,95.47,306380.0,29250098.6,PX,PRAXAIR INC,11,1,74005P10,93
77274,11300,2010-12-31,36.24,801998.0,29064407.520000003,GILD,GILEAD SCIENCES INC,11,3,37555810,94
77668,11569,2010-12-31,54.05,528069.0,28542129.45,ESRX,EXPRESS SCRIPTS INC,11,3,30218210,95
89258,42524,2010-12-31,58.71,483349.0,28377419.79,PRU,PRUDENTIAL FINANCIAL INC,11,1,74432010,96
84032,31769,2010-12-31,67.25,419635.0,28220453.75,NOV,NATIONAL OILWELL VARCO INC,11,1,63707110,97
11552,9374,2010-12-31,59.14,470388.0,27818746.32,CELG,CELGENE CORP,11,3,15102010,98
21776,21396,2010-12-31,41.64,661413.0,27541237.32,EXC,EXELON CORP,11,1,30161N10,99
91233,50700,2010-12-31,224.11,122530.0,27460198.3,MA,MASTERCARD INC,11,1,57636Q10,100
12052,20791,2010-12-31,70.96,377744.0,26804714.24,GD,GENERAL DYNAMICS CORP,11,1,36955010,101
57904,92,2010-12-31,56.43,471261.0,26593258.23,AFL,AFLAC INC,11,1,00105510,102
90441,21287,2010-12-31,14.56,1822302.0,26532717.12,NWSA,NEWS CORP,11,3,65248E10,103
56573,20968,2010-12-31,53.4,495931.0,26482715.4,ITW,ILLINOIS TOOL WORKS INC,11,1,45230810,104
15069,21795,2010-12-31,37.03,709912.0,26288041.36,MRO,MARATHON OIL CORP,11,1,56584910,105
11081,9833,2010-12-31,13.55,1930291.0,26155443.05,DELL,DELL INC,11,3,24702R10,106
89813,44277,2010-12-31,61.27,424402.0,26003110.540000003,MHS,MEDCO HEALTH SOLUTIONS INC,11,1,58405U10,107
42534,21019,2010-12-31,38.2,676875.0,25856625.000000004,JCI,JOHNSON CONTROLS INC,11,1,47836610,108
17750,21055,2010-12-31,63.04,407793.0,25707270.72,KMB,KIMBERLY CLARK CORP,11,1,49436810,109
59459,4293,2010-12-31,55.71,460500.0,25654455.0,TRV,TRAVELERS COMPANIES INC,11,1,89417E10,110
21178,21110,2010-12-31,69.91,360128.0,25176548.48,LMT,LOCKHEED MARTIN CORP,11,1,53983010,111
28484,20064,2010-12-31,76.54,328755.0,25162907.700000003,HES,HESS CORP,11,1,42809H10,112
87267,36336,2010-12-31,190.58,131100.0,24985038.0,BLK,BLACKROCK INC,11,1,09247X10,113
37584,6407,2010-12-31,111.21,223993.0,24910261.529999997,BEN,FRANKLIN RESOURCES INC,11,1,35461310,114
64936,20592,2010-12-31,42.72,580508.0,24799301.759999998,D,DOMINION RESOURCES INC VA NEW,11,1,25746U10,115
75034,20253,2010-12-31,57.17,431274.0,24655934.580000002,BHI,BAKER HUGHES INC,11,1,05722410,116
62148,20370,2010-12-31,64.61,374185.0,24176092.85,CSX,C S X CORP,11,1,12640810,117
77702,11592,2010-12-31,32.13,745400.0,23949702.000000004,SBUX,STARBUCKS CORP,11,3,85524410,118
27959,20608,2010-12-31,17.81,1324549.0,23590217.689999998,DUK,DUKE ENERGY CORP NEW,11,1,26441C10,119
91883,51978,2010-12-31,66.03,355733.0,23489049.990000002,TWC,TIME WARNER CABLE INC,11,1,88732J20,120
72726,4260,2010-12-31,46.34,502025.0,23263838.5,STT,STATE STREET CORP,11,1,85747710,121
75825,22113,2010-12-31,91.41,254016.0,23219602.56,EOG,EOG RESOURCES INC,11,1,26875P10,122
85348,32093,2010-12-31,49.05,468584.0,22984045.2,YUM,YUM BRANDS INC,11,1,98849810,123
44644,20235,2010-12-31,46.28,494200.0,22871576.0,ADP,AUTOMATIC DATA PROCESSING INC,11,3,05301510,124
64311,21294,2010-12-31,62.82,363372.0,22827029.04,NSC,NORFOLK SOUTHERN CORP,11,1,65584410,125
17144,20798,2010-12-31,35.59,635812.0,22628549.080000002,GIS,GENERAL MILLS INC,11,1,37033410,126
89179,42273,2010-12-31,56.86,393610.0,22380664.6,WLP,WELLPOINT INC,11,1,94973V10,127
86158,16167,2010-12-31,73.29,303941.0,22275835.89,CTSH,COGNIZANT TECHNOLOGY SOLS CORP,11,3,19244610,128
91063,50032,2010-12-31,39.61,556183.0,22030408.63,VIA,VIACOM INC NEW,11,1,92553P20,129
62092,4557,2010-12-31,55.36,397478.0,22004382.08,TMO,THERMO FISHER SCIENTIFIC INC,11,1,88355610,130
83435,14521,2010-12-31,16.63,1308836.0,21765942.68,YHOO,YAHOO INC,11,3,98433210,131
41080,20543,2010-12-31,110.01,197810.0,21761078.1,CMI,CUMMINS INC,11,1,23102110,132
24205,20684,2010-12-31,51.99,415842.0,21619625.580000002,NEE,NEXTERA ENERGY INC,11,1,65339F10,133
89626,43791,2010-12-31,321.75,66847.0,21508022.25,CME,C M E GROUP INC,11,3,12572Q10,134
73139,4298,2010-12-31,53.7,397120.0,21325344.0,SYK,STRYKER CORP,11,1,86366710,135
22779,21230,2010-12-31,9.07,2349381.0,21308885.67,MOT,MOTOROLA INC,11,1,62007610,136
75646,22092,2010-12-31,68.67,307512.0,21116849.04,AGN,ALLERGAN INC,11,1,01849010,137
85963,16056,2010-12-31,43.55,484700.0,21108685.0,BRCM,BROADCOM CORP,11,3,11132010,138
60506,3487,2010-12-31,57.34,364900.0,20923366.0,PCAR,PACCAR INC,11,3,69371810,139
86111,34770,2010-12-31,51.64,399080.0,20608491.2,AMT,AMERICAN TOWER CORP,11,1,02991220,140
75186,21578,2010-12-31,17.11,1194828.0,20443507.08,SCHW,SCHWAB CHARLES CORP NEW,11,1,80851310,141
82598,14152,2010-12-31,54.96,361423.0,19863808.080000002,NTAP,NETAPP INC,11,3,64110D10,142
63830,3499,2010-12-31,139.21001,142617.0,19853713.996170003,PCP,PRECISION CASTPARTS CORP,11,1,74018910,143
86783,16454,2010-12-31,399.54999,49146.0,19636283.808539998,PCLN,PRICELINE COM INC,11,3,74150340,144
28222,20030,2010-12-31,90.95,214453.0,19504500.35,APD,AIR PRODUCTS & CHEMICALS INC,11,1,00915810,145
81055,30513,2010-12-31,42.56,456926.0,19446770.560000002,COF,CAPITAL ONE FINANCIAL CORP,11,1,14040H10,146
86979,16614,2010-12-31,36.92,523202.0,19316617.84,JNPR,JUNIPER NETWORKS INC,11,1,48203R10,147
10516,20207,2010-12-31,30.08,638893.0,19217901.439999998,ADM,ARCHER DANIELS MIDLAND CO,11,1,03948310,148
39642,20284,2010-12-31,84.52,226253.0,19122903.56,BDX,BECTON DICKINSON & CO,11,1,07588710,149
86946,35164,2010-12-31,32.62,583052.0,19019156.24,RAI,REYNOLDS AMERICAN INC,11,1,76171310,150
24766,21303,2010-12-31,64.78,291989.0,18915047.42,NOC,NORTHROP GRUMMAN CORP,11,1,66680710,151
26825,21041,2010-12-31,51.08,368214.0,18808371.12,K,KELLOGG CO,11,1,48783610,152
10324,8243,2010-12-31,71.2,263669.0,18773232.8,GENZ,GENZYME CORP,11,3,37291710,153
13688,21356,2010-12-31,47.84,392066.0,18756437.44,PCG,P G & E CORP,11,1,69331C10,154
14702,194,2010-12-31,14.05,1322873.0,18586365.650000002,AMAT,APPLIED MATERIALS INC,11,3,03822210,155
71563,4163,2010-12-31,26.29,693732.0,18238214.28,BBT,B B & T CORP,11,1,05493710,156
59192,900,2010-12-31,59.64,304933.0,18186204.12,CB,CHUBB CORP,11,1,17123210,157
81061,30521,2010-12-31,70.38,253063.0,17810573.939999998,MCK,MCKESSON H B O C INC,11,1,58155Q10,158
40539,21949,2010-12-31,44.39,395802.0,17569650.78,TJX,T J X COMPANIES INC NEW,11,1,87254010,159
11955,9804,2010-12-31,36.87,475801.0,17542782.869999997,WM,WASTE MANAGEMENT INC DEL,11,1,94106L10,160
90215,45288,2010-12-31,132.0,131400.0,17344800.0,CRM,SALESFORCE COM INC,11,1,79466L30,161
24109,20077,2010-12-31,35.98,480276.0,17280330.479999997,AEP,AMERICAN ELECTRIC POWER CO INC,11,1,02553710,162
88991,41580,2010-12-31,63.98,269638.0,17251439.24,BTU,PEABODY ENERGY CORP,11,1,70454910,163
52038,21698,2010-12-31,29.4,585085.0,17201499.0,SYY,SYSCO CORP,11,1,87182910,164
79323,29870,2010-12-31,31.88,538184.0,17157305.919999998,ALL,ALLSTATE CORP,11,1,02000210,165
11762,20627,2010-12-31,101.51,168300.0,17084133.0,ETN,EATON CORP,11,1,27805810,166
78877,11937,2010-12-31,25.91,653915.0,16942937.65,CHK,CHESAPEAKE ENERGY CORP,11,1,16516710,167
24942,21492,2010-12-31,46.34,364543.0,16892922.62,RTN,RAYTHEON CO,11,1,75511150,168
10138,8087,2010-12-31,64.54,258760.0,16700370.400000002,TROW,T ROWE PRICE GROUP INC,11,3,74144T10,169
75489,10171,2010-12-31,22.77,723195.0,16467150.15,SPLS,STAPLES INC,11,3,85503010,170
88661,40143,2010-12-31,55.31,296381.0,16392833.110000001,COH,COACH INC,11,1,18975410,171
91650,51539,2010-12-31,24.99,648222.0,16199067.78,SE,SPECTRA ENERGY CORP,11,1,84756010,172
26710,21111,2010-12-31,38.91,416215.0,16194925.649999999,L,LOEWS CORP,11,1,54042410,173
76841,11112,2010-12-31,67.05,240912.0,16153149.6,BIIB,BIOGEN IDEC INC,11,3,09062X10,174
23712,21458,2010-12-31,31.81,505934.0,16093760.54,PEG,PUBLIC SERVICE ENTERPRISE GP INC,11,1,74457310,175
27983,21945,2010-12-31,11.52,1387197.0,15980509.44,XRX,XEROX CORP,11,1,98412110,176
77606,29494,2010-12-31,54.34,292388.0,15888363.920000002,KSS,KOHLS CORP,11,1,50025510,177
23077,20900,2010-12-31,49.46,320747.0,15864146.620000001,HNZ,HEINZ H J CO,11,1,42307410,178
24643,20060,2010-12-31,15.39,1021442.0,15719992.38,AA,ALCOA INC,11,1,01381710,179
75510,8476,2010-12-31,30.78,501897.0,15448389.66,ADBE,ADOBE SYSTEMS INC,11,3,00724F10,180
78975,12011,2010-12-31,49.3,310611.0,15313122.299999999,INTU,INTUIT INC,11,3,46120210,181
61735,20203,2010-12-31,46.01,329915.0,15179389.149999999,AON,AON CORP,11,1,03738910,182
85913,30005,2010-12-31,41.54,364245.0,15130737.299999999,MAR,MARRIOTT INTERNATIONAL INC NEW,11,1,57190320,183
61815,3219,2010-12-31,86.08,175095.0,15072177.6,NBL,NOBLE ENERGY INC,11,1,65504410,184
45751,21158,2010-12-31,27.34,543451.0,14857950.34,MMC,MARSH & MCLENNAN COS INC,11,1,57174810,185
68144,21691,2010-12-31,29.51,499959.0,14753790.09,STI,SUNTRUST BANKS INC,11,1,86791410,186
79678,12499,2010-12-31,12.44,1183320.0,14720500.799999999,ATVI,ACTIVISION BLIZZARD INC,11,3,00507V10,187
68591,4278,2010-12-31,42.75,342540.0,14643585.0,STJ,ST JUDE MEDICAL INC,11,1,79084910,188
89565,43613,2010-12-31,20.81,695234.0,14467819.54,CMCSK,COMCAST CORP NEW,11,3,20030N20,189
38156,21923,2010-12-31,24.72,584775.0,14455638.0,WMB,WILLIAMS COS,11,1,96945710,190
11404,20499,2010-12-31,49.57,290536.0,14401869.52,ED,CONSOLIDATED EDISON INC,11,1,20911510,191
87432,36364,2010-12-31,41.43,347604.0,14401233.72,A,AGILENT TECHNOLOGIES INC,11,1,00846U10,192
28345,21236,2010-12-31,74.55,192367.0,14340959.85,MUR,MURPHY OIL CORP,11,1,62671710,193
90880,47422,2010-12-31,57.55,247962.0,14270213.1,AMP,AMERIPRISE FINANCIAL INC,11,1,03076C10,194
16678,21068,2010-12-31,22.36,635950.0,14219842.0,KR,KROGER CO,11,1,50104410,195
60599,20421,2010-12-31,46.17,303247.0,14000913.99,CTL,CENTURYLINK INC,11,1,15670010,196
41355,21367,2010-12-31,86.3,161332.0,13922951.6,PH,PARKER HANNIFIN CORP,11,1,70109410,197
34817,21308,2010-12-31,43.82,315729.0,13835244.78,NUE,NUCOR CORP,11,1,67034610,198
30681,1367,2010-12-31,45.8,301239.0,13796746.2,OMC,OMNICOM GROUP INC,11,1,68191910,199
22509,21351,2010-12-31,84.07,163019.0,13705007.329999998,PPG,P P G INDUSTRIES INC,11,1,69350610,200
85914,7506,2010-12-31,34.29,397841.0,13641967.889999999,BBY,BEST BUY COMPANY INC,11,1,08651610,201
59010,1892,2010-12-31,22.14,614360.0,13601930.4,GPS,GAP INC,11,1,36476010,202
58246,3275,2010-12-31,55.41,242269.0,13424125.29,NTRS,NORTHERN TRUST CORP,11,3,66585910,203
21371,6262,2010-12-31,38.31,348960.0,13368657.600000001,CAH,CARDINAL HEALTH INC,11,1,14149Y10,204
85459,15758,2010-12-31,80.19,166048.0,13315389.12,CHRW,CH ROBINSON WORLDWIDE INC,11,3,12541W20,205
85032,15545,2010-12-31,7.61,1742716.0,13262068.76,Q,QWEST COMMUNICATIONS INTL INC,11,1,74912110,206
64390,3682,2010-12-31,19.87,663200.0,13177784.0,PGR,PROGRESSIVE CORP OH,11,1,74331510,207
90442,21287,2010-12-31,16.42,798521.0,13111714.820000002,NWS,NEWS CORP,11,3,65248E20,208
85269,32066,2010-12-31,23.12,566211.0,13090798.32,VLO,VALERO ENERGY CORP NEW,11,1,91913Y10,209
63765,4338,2010-12-31,37.43,346783.0,12980087.69,SWN,SOUTHWESTERN ENERGY CO,11,1,84546710,210
89533,43620,2010-12-31,103.84,124600.0,12938464.0,WYNN,WYNN RESORTS LTD,11,3,98313410,211
82686,14201,2010-12-31,68.41,187490.0,12826190.899999999,CTXS,CITRIX SYSTEMS INC,11,3,17737610,212
24010,21201,2010-12-31,70.83,180915.0,12814209.45,ETR,ENTERGY CORP NEW,11,1,29364G10,213
75607,10224,2010-12-31,16.74,763249.0,12776788.259999998,SYMC,SYMANTEC CORP,11,3,87150310,214
86339,16268,2010-12-31,43.83,290756.0,12743835.479999999,CCI,CROWN CASTLE INTERNATIONAL CORP,11,1,22822710,215
23114,20397,2010-12-31,43.48,292938.0,12736944.239999998,PGN,PROGRESS ENERGY INC,11,1,74326310,216
77659,11558,2010-12-31,49.15,259111.0,12735305.65,BBBY,BED BATH & BEYOND INC,11,3,07589610,217
92890,53121,2010-12-31,62.25,204576.0,12734856.0,MJN,MEAD JOHNSON NUTRITION CO,11,1,58283910,218
22517,21376,2010-12-31,26.32,483292.0,12720245.44,PPL,P P L CORP,11,1,69351T10,219
86136,34798,2010-12-31,52.48,240055.0,12598086.399999999,SRE,SEMPRA ENERGY,11,1,81685110,220
15720,21543,2010-12-31,38.6,325811.0,12576304.6,EIX,EDISON INTERNATIONAL,11,1,28102010,221
39087,21833,2010-12-31,4.23,2952045.0,12487150.350000001,S,SPRINT NEXTEL CORP,11,1,85206110,222
40416,20240,2010-12-31,29.06,429180.0,12471970.799999999,AVP,AVON PRODUCTS INC,11,1,05430310,223
25778,5220,2010-12-31,24.44,504092.0,12320008.48,CA,C A INC,11,3,12673P10,224
81857,13833,2010-12-31,50.73,242568.0,12305474.639999999,CAM,CAMERON INTERNATIONAL CORP,11,1,13342B10,225
17279,56249,2010-12-31,82.06,149610.0,12276996.6,LO,LORILLARD INC,11,1,54414710,226
88845,41072,2010-12-31,30.51,400100.0,12207051.0,AET,AETNA INC NEW,11,1,00817Y10,227
91461,51196,2010-12-31,18.57,655867.0,12179450.19,WU,WESTERN UNION CO,11,1,95980210,228
76226,21866,2010-12-31,19.05,631131.0,12023045.55,CBS,C B S CORP NEW,11,1,12485720,229
76605,29009,2010-12-31,272.59,43792.0,11937261.28,AZO,AUTOZONE INC,11,1,05333210,230
21573,20994,2010-12-31,27.24,437456.0,11916301.44,IP,INTERNATIONAL PAPER CO,11,1,46014610,231
88853,41080,2010-12-31,66.26,178792.0,11846757.920000002,FLR,FLUOR CORP NEW,11,1,34341210,232
82618,14105,2010-12-31,49.86,236502.0,11791989.72,SNDK,SANDISK CORP,11,3,80004C10,233
82775,31386,2010-12-31,26.49,444541.0,11775891.09,HIG,HARTFORD FINANCIAL SVCS GRP INC,11,1,41651510,234
70578,1467,2010-12-31,50.42,232135.0,11704246.700000001,ECL,ECOLAB INC,11,1,27886510,235
34746,1741,2010-12-31,14.68,796273.0,11689287.64,FITB,FIFTH THIRD BANCORP,11,3,31677310,236
25320,20384,2010-12-31,34.75,333544.0,11590654.0,CPB,CAMPBELL SOUP CO,11,1,13442910,237
91207,20935,2010-12-31,60.78,190650.0,11587707.0,HOT,STARWOOD HOTELS & REST WLDWD INC,11,1,85590A40,238
87717,7232,2010-12-31,54.6,212048.0,11577820.8,EXPD,EXPEDITORS INTERNATIONAL WA INC,11,3,30213010,239
77605,29489,2010-12-31,7.57,1520077.0,11506982.89,BSX,BOSTON SCIENTIFIC CORP,11,1,10113710,240
86228,34838,2010-12-31,29.86,384247.0,11473615.42,RSG,REPUBLIC SERVICES INC,11,1,76075910,241
75577,9735,2010-12-31,35.58,319494.0,11367596.52,ALTR,ALTERA CORP,11,3,02144110,242
23026,21326,2010-12-31,37.02,304835.0,11284991.700000001,FE,FIRSTENERGY CORP,11,1,33793210,243
60871,282,2010-12-31,37.67,298653.0,11250258.51,ADI,ANALOG DEVICES INC,11,1,03265410,244
22840,21566,2010-12-31,17.51,639266.0,11193547.66,SLE,SARA LEE CORP,11,1,80311110,245
61621,6333,2010-12-31,30.91,361671.0,11179250.61,PAYX,PAYCHEX INC,11,3,70432610,246
17478,21179,2010-12-31,36.41,307000.0,11177869.999999998,MHP,MCGRAW HILL COS INC,11,1,58064510,247
91611,51447,2010-12-31,130.14,85844.0,11171738.159999998,FSLR,FIRST SOLAR INC,11,3,33643310,248
43350,21664,2010-12-31,66.87,165922.0,11095204.14,SWK,STANLEY BLACK & DECKER INC,11,1,85450210,249
12140,20833,2010-12-31,88.07,125375.0,11041776.25,GR,GOODRICH CORP,11,1,38238810,250
86799,35026,2010-12-31,48.74,225845.0,11007685.3,CNX,CONSOL ENERGY INC,11,1,20854P10,251
25953,20596,2010-12-31,58.45,186790.0,10917875.5,DOV,DOVER CORP,11,1,26000310,252
84597,15370,2010-12-31,18.99,573635.0,10893328.649999999,AMTD,T D AMERITRADE HOLDING CORP,11,3,87236Y10,253
23931,21300,2010-12-31,23.55,460113.0,10835661.15,XEL,X C E L ENERGY INC,11,1,98389B10,254
77462,22856,2010-12-31,25.3,423477.0,10713968.1,M,MACYS INC,11,1,55616P10,255
89004,41678,2010-12-31,88.91,119711.0,10643505.01,FTI,F M C TECHNOLOGIES INC,11,1,30249U10,256
89070,41870,2010-12-31,53.68,197443.0,10598740.24,ZMH,ZIMMER HOLDINGS INC,11,1,98956P10,257
27422,20462,2010-12-31,78.01,135459.0,10567156.59,CLF,CLIFFS NATURAL RESOURCES INC,11,1,18683K10,258
86964,16561,2010-12-31,130.16,80732.0,10508077.12,FFIV,F 5 NETWORKS INC,11,3,31561610,259
93096,53264,2010-12-31,30.67,341102.0,10461598.34,DG,DOLLAR GENERAL CORP NEW,11,1,25667710,260
89195,42285,2010-12-31,32.56,320353.0,10430693.680000002,PFG,PRINCIPAL FINANCIAL GROUP INC,11,1,74251V10,261
35554,1689,2010-12-31,87.05,119378.0,10391854.9,MTB,M & T BANK CORP,11,1,55261F10,262
84381,31847,2010-12-31,71.71,142202.0,10197305.42,ROK,ROCKWELL AUTOMATION INC,11,1,77390310,263
92257,52705,2010-12-31,88.91,114396.0,10170948.36,VMW,VMWARE INC,11,1,92856340,264
86725,16425,2010-12-31,55.5,182251.0,10114930.5,LIFE,LIFE TECHNOLOGIES CORP,11,3,53217V10,265
92121,52396,2010-12-31,18.53,544682.0,10092957.46,DFS,DISCOVER FINANCIAL SERVICES,11,1,25470910,266
75241,21366,2010-12-31,86.82,116096.0,10079454.719999999,PXD,PIONEER NATURAL RESOURCES CO,11,1,72378710,267
88352,37727,2010-12-31,257.75,38900.0,10026475.0,ISRG,INTUITIVE SURGICAL INC,11,3,46120E60,268
91983,52253,2010-12-31,58.85,170042.0,10006971.700000001,CLR,CONTINENTAL RESOURCES INC,11,1,21201510,269
91926,20569,2010-12-31,12.6,788920.0,9940392.0,DAL,DELTA AIR LINES INC,11,1,24736170,270
64186,20357,2010-12-31,36.66,270920.0,9931927.2,CI,C I G N A CORP,11,1,12550910,271
56274,20495,2010-12-31,22.58,439720.0,9928877.6,CAG,CONAGRA INC,11,1,20588710,272
64282,2664,2010-12-31,30.73,322552.0,9912022.96,LTD,LIMITED BRANDS INC,11,1,53271610,273
58683,4181,2010-12-31,12.98,747096.0,9697306.08,LUV,SOUTHWEST AIRLINES CO,11,1,84474110,274
77481,22983,2010-12-31,13.76,704143.0,9689007.68,EP,EL PASO CORP,11,1,28336L10,275
23887,925,2010-12-31,9.73,993855.0,9670209.15,FTR,FRONTIER COMMUNICATIONS CORP,11,1,35906A10,276
79915,30044,2010-12-31,72.11,133876.0,9653798.36,NFX,NEWFIELD EXPLORATION CO,11,1,65129010,277
90829,47183,2010-12-31,135.14999,71129.0,9613083.63871,CF,C F INDUSTRIES HOLDINGS INC,11,1,12526910,278
82642,31196,2010-12-31,80.7,119047.0,9607092.9,EL,LAUDER ESTEE COS INC,11,1,51843910,279
76712,10996,2010-12-31,12.18,788100.0,9599058.0,AES,A E S CORP,11,1,00130H10,280
12570,20964,2010-12-31,52.11,183600.0,9567396.0,ITT,I T T CORP,11,1,45091110,281
52695,20841,2010-12-31,138.11,69062.0,9538152.82,GWW,GRAINGER W W INC,11,1,38480210,282
93150,43340,2010-12-31,47.1,200250.0,9431775.0,CIT,C I T GROUP INC NEW,11,1,12558180,283
81540,13650,2010-12-31,34.12,275327.0,9394157.24,ABC,AMERISOURCEBERGEN CORP,11,1,03073E10,284
43553,21849,2010-12-31,86.18,108464.0,9347427.520000001,VFC,V F CORP,11,1,91820410,285
90110,45068,2010-12-31,55.69,167078.0,9304573.82,HSP,HOSPIRA INC,11,1,44106010,286
82298,30963,2010-12-31,66.87,139027.0,9296735.49,DO,DIAMOND OFFSHORE DRILLING INC,11,1,25271C10,287
57817,3217,2010-12-31,42.38,219000.0,9281220.0,JWN,NORDSTROM INC,11,1,65566410,288
89393,43145,2010-12-31,175.7,52782.0,9273797.399999999,NFLX,NETFLIX INC,11,3,64110L10,289
87657,36952,2010-12-31,80.84,114179.0,9230230.360000001,EW,EDWARDS LIFESCIENCES CORP,11,1,28176E10,290
84769,31967,2010-12-31,52.78,174612.0,9216021.36,APH,AMPHENOL CORP NEW,11,1,03209510,291
69550,3104,2010-12-31,21.13,436110.0,9215004.299999999,MYL,MYLAN INC,11,3,62853010,292
48653,20950,2010-12-31,54.74,168319.0,9213782.06,HUM,HUMANA INC,11,1,44485910,293
10225,20067,2010-12-31,60.25,152581.0,9193005.25,FO,FORTUNE BRANDS INC,11,1,34963110,294
84373,31838,2010-12-31,53.97,170000.0,9174900.0,DGX,QUEST DIAGNOSTICS INC,11,1,74834L10,295
45241,20753,2010-12-31,31.98,285618.0,9134063.64,FRX,FOREST LABS INC,11,1,34583810,296
59248,33,2010-12-31,50.19,180460.0,9057287.4,TAP,MOLSON COORS BREWING CO,11,1,60871R20,297
36468,21609,2010-12-31,83.75,107935.0,9039556.25,SHW,SHERWIN WILLIAMS CO,11,1,82434810,298
89014,41688,2010-12-31,58.26,155084.0,9035193.84,COL,ROCKWELL COLLINS INC,11,1,77434110,299
91277,41998,2010-12-31,15.77,570731.0,9000427.87,LINTA,LIBERTY MEDIA CORP NEW,11,3,53071M10,300
92239,52684,2010-12-31,87.67,102392.0,8976706.64,CXO,CONCHO RESOURCES INC,11,1,20605P10,301
89105,41977,2010-12-31,86.75,103277.0,8959279.75,JOYG,JOY GLOBAL INC,11,3,48116510,302
86580,16382,2010-12-31,15.4,581000.0,8947400.0,NVDA,NVIDIA CORP,11,3,67066G10,303
12062,9848,2010-12-31,87.92,101700.0,8941464.0,LH,LABORATORY CORP AMERICA HLDGS,11,1,50540R40,304
39538,21168,2010-12-31,25.43,349100.0,8877613.0,MAT,MATTEL INC,11,3,57708110,305
11618,9440,2010-12-31,59.91,147431.0,8832591.209999999,FAST,FASTENAL CO,11,3,31190010,306
46578,20463,2010-12-31,63.28,139443.0,8823953.040000001,CLX,CLOROX CO,11,1,18905410,307
49015,21105,2010-12-31,27.81,316761.0,8809123.41,LNC,LINCOLN NATIONAL CORP,11,1,53418710,308
35044,1620,2010-12-31,7.0,1256084.0,8792588.0,RF,REGIONS FINANCIAL CORP NEW,11,1,7591EP10,309
87299,17300,2010-12-31,47.05,186603.0,8779671.15,AKAM,AKAMAI TECHNOLOGIES INC,11,3,00971T10,310
89644,43846,2010-12-31,27.24,322000.0,8771280.0,VMED,VIRGIN MEDIA INC,11,3,92769L10,311
77281,11310,2010-12-31,50.59,172953.0,8749692.270000001,WFMI,WHOLE FOODS MARKET INC,11,3,96683710,312
90993,48793,2010-12-31,119.15,73151.0,8715941.65,ICE,INTERCONTINENTALEXCHANGE INC,11,1,45865V10,313
87184,16753,2010-12-31,45.65,190581.0,8700022.65,RHT,RED HAT INC,11,1,75657710,314
85631,7623,2010-12-31,38.2,227395.0,8686489.0,ADSK,AUTODESK INC,11,3,05276910,315
10696,8598,2010-12-31,58.56,146900.0,8602464.0,FISV,FISERV INC,11,3,33773810,316
46877,20268,2010-12-31,91.77,92903.0,8525708.31,BCR,BARD C R INC,11,1,06738310,317
79103,12097,2010-12-31,60.42,141026.0,8520790.92,ORLY,O REILLY AUTOMOTIVE INC NEW,11,3,67103H10,318
70500,20469,2010-12-31,25.03,338787.0,8479838.610000001,CCE,COCA COLA ENTERPRISES INC NEW,11,1,19122T10,319
11976,9905,2010-12-31,47.14,178900.0,8433346.0,BMC,B M C SOFTWARE INC,11,3,05592110,320
76644,29028,2010-12-31,58.42,143615.0,8389988.3,X,UNITED STATES STEEL CORP NEW,11,1,91290910,321
76149,22765,2010-12-31,22.49,372800.0,8384271.999999999,SWY,SAFEWAY INC,11,1,78651420,322
68857,20373,2010-12-31,33.84,245694.0,8314284.960000001,CVC,CABLEVISION SYSTEMS CORP,11,1,12686C10,323
27043,21859,2010-12-31,69.28,119584.0,8284779.5200000005,VAR,VARIAN MEDICAL SYSTEMS INC,11,1,92220P10,324
89003,41673,2010-12-31,27.39,300961.0,8243321.79,FIS,FIDELITY NATIONAL INFO SVCS INC,11,1,31620M10,325
79545,29936,2010-12-31,72.36,113756.0,8231384.16,BWA,BORGWARNER INC,11,1,09972410,326
79859,12608,2010-12-31,18.85,435612.0,8211286.2,NYB,NEW YORK COMMUNITY BANCORP INC,11,1,64944510,327
70033,20881,2010-12-31,34.67,235536.0,8166033.12,HOG,HARLEY DAVIDSON INC,11,1,41282210,328
70536,4108,2010-12-31,66.56,121900.0,8113664.0,SIAL,SIGMA ALDRICH CORP,11,3,82655210,329
89757,44118,2010-12-31,73.75,110010.0,8113237.5,SHLD,SEARS HOLDINGS CORP,11,3,81235010,330
46674,20807,2010-12-31,51.34,157535.0,8087846.9,GPC,GENUINE PARTS CO,11,1,37246010,331
88446,37938,2010-12-31,63.34,126608.0,8019350.720000001,ILMN,ILLUMINA INC,11,3,45232710,332
53613,7065,2010-12-31,8.02,996800.0,7994336.0,MU,MICRON TECHNOLOGY INC,11,3,59511210,333
92618,52990,2010-12-31,35.16,227092.0,7984554.719999999,DPS,DR PEPPER SNAPPLE GROUP INC,11,1,26138E10,334
86021,34746,2010-12-31,70.49,113186.0,7978481.14,LLL,L 3 COMMUNICATIONS HLDGS INC,11,1,50242410,335
10909,8786,2010-12-31,94.74,83239.0,7886062.859999999,CERN,CERNER CORP,11,3,15678210,336
75100,21753,2010-12-31,62.27,126400.0,7870928.0,TIF,TIFFANY & CO NEW,11,1,88654710,337
16600,20906,2010-12-31,47.15,166758.0,7862639.7,HSY,HERSHEY CO,11,1,42786610,338
10299,8220,2010-12-31,34.59,226278.0,7826956.0200000005,LLTC,LINEAR TECHNOLOGY CORP,11,3,53567810,339
91143,50474,2010-12-31,29.98,261000.0,7824780.0,NYX,N Y S E EURONEXT,11,1,62949110,340
42585,21629,2010-12-31,65.65,119056.0,7816026.4,SJM,SMUCKER J M CO,11,1,83269640,341
91103,21793,2010-12-31,23.82,327466.0,7800240.12,UAL,UNITED CONTINENTAL HOLDINGS INC,11,1,91004710,342
64995,2535,2010-12-31,8.85,880471.0,7792168.35,KEY,KEYCORP NEW,11,1,49326710,343
66384,4879,2010-12-31,33.9,229800.0,7790220.0,WDC,WESTERN DIGITAL CORP,11,1,95810210,344
71175,21798,2010-12-31,24.22,317144.0,7681227.68,UNM,UNUM GROUP,11,1,91529Y10,345
11674,20574,2010-12-31,45.32,169117.0,7664382.44,DTE,D T E ENERGY CO,11,1,23333110,346
40125,20493,2010-12-31,49.6,154484.0,7662406.4,CSC,COMPUTER SCIENCES CORP,11,1,20536310,347
18403,21375,2010-12-31,32.31,236596.0,7644416.760000001,JCP,PENNEY J C CO INC,11,1,70816010,348
82196,13960,2010-12-31,19.09,399679.0,7629872.11,DNR,DENBURY RESOURCES INC,11,1,24791620,349
89685,43910,2010-12-31,44.66,169661.0,7577060.26,NIHD,N I I HOLDINGS INC,11,3,62913F20,350
76201,10634,2010-12-31,28.98,261060.0,7565518.8,XLNX,XILINX INC,11,3,98391910,351
91556,7684,2010-12-31,63.25,119085.0,7532126.25,ROST,ROSS STORES INC,11,3,77829610,352
89509,43520,2010-12-31,88.53,84701.0,7498579.53,XEC,CIMAREX ENERGY CO,11,1,17179810,353
25081,1261,2010-12-31,42.24,176492.0,7455022.08,CMA,COMERICA INC,11,1,20034010,354
83111,14394,2010-12-31,80.55,91494.0,7369841.7,ALXN,ALEXION PHARMACEUTICALS INC,11,3,01535110,355
47626,20363,2010-12-31,27.05,269219.0,7282373.95,CNA,C N A FINANCIAL CORP,11,1,12611710,356
11891,9764,2010-12-31,14.85,488505.0,7254299.25,MGM,M G M RESORTS INTERNATIONAL,11,1,55295310,357
90277,13691,2010-12-31,89.4,81087.0,7249177.800000001,BUCY,BUCYRUS INTERNATIONAL INC NEW,11,3,11875910,358
77338,11344,2010-12-31,76.43,94671.0,7235704.53,ROP,ROPER INDUSTRIES INC NEW,11,1,77669610,359
90547,46145,2010-12-31,60.03,120404.0,7227852.12,ANR,ALPHA NATURAL RESOURCES INC,11,1,02076X10,360
78875,11946,2010-12-31,65.89,109308.0,7202304.12,CREE,CREE INC,11,3,22544710,361
50017,2706,2010-12-31,44.98,160072.0,7200038.56,RRC,RANGE RESOURCES CORP,11,1,75281A10,362
89508,43519,2010-12-31,31.88,224855.0,7168377.399999999,KMX,CARMAX INC,11,1,14313010,363
77976,11735,2010-12-31,46.31,154144.0,7138408.640000001,MFE,MCAFEE INC,11,1,57906410,364
76744,11042,2010-12-31,35.03,203523.0,7129410.69,VRTX,VERTEX PHARMACEUTICALS INC,11,3,92532F10,365
85072,32009,2010-12-31,110.92,64231.0,7124502.5200000005,RL,POLO RALPH LAUREN CORP,11,1,73157210,366
20415,21097,2010-12-31,29.18,243317.0,7099990.06,LUK,LEUCADIA NATIONAL CORP,11,1,52728810,367
82651,31208,2010-12-31,77.71,91330.0,7097254.3,WAT,WATERS CORP,11,1,94184810,368
91391,50964,2010-12-31,13.94,504300.0,7029942.0,WIN,WINDSTREAM CORP,11,3,97381W10,369
81481,13603,2010-12-31,56.08,125221.0,7022393.68,DLTR,DOLLAR TREE INC,11,3,25674610,370
43721,21123,2010-12-31,106.88,65630.0,7014534.399999999,LZ,LUBRIZOL CORP,11,1,54927110,371
84656,31946,2010-12-31,78.94,88717.0,7003319.9799999995,ALV,AUTOLIV INC,11,1,05280010,372
11896,9698,2010-12-31,23.62,296476.0,7002763.12,MXIM,MAXIM INTEGRATED PRODUCTS INC,11,3,57772K10,373
83906,14927,2010-12-31,80.92,85242.0,6897782.640000001,SRCL,STERICYCLE INC,11,3,85891210,374
92293,52762,2010-12-31,41.16,167500.0,6894299.999999999,TDC,TERADATA CORP DE,11,1,88076W10,375
23536,21931,2010-12-31,58.86,116897.0,6880557.42,WEC,WISCONSIN ENERGY CORP,11,1,97665710,376
89901,44613,2010-12-31,117.19,58549.0,6861357.31,WLL,WHITING PETROLEUM CORP NEW,11,1,96638710,377
78916,11965,2010-12-31,51.65,132514.0,6844348.1,WPI,WATSON PHARMACEUTICALS INC,11,1,94268310,378
32870,20932,2010-12-31,51.26,133124.0,6823936.239999999,HRL,HORMEL FOODS CORP,11,1,44045210,379
82540,14037,2010-12-31,127.84,52894.0,6761968.96,WLT,WALTER ENERGY INC,11,1,93317Q10,380
24985,21808,2010-12-31,28.19,239829.0,6760779.510000001,AEE,AMEREN CORP,11,1,02360810,381
92709,53039,2010-12-31,51.75,130594.0,6758239.5,SNI,SCRIPPS NETWORKS INTERACTIVE INC,11,1,81106510,382
82307,30975,2010-12-31,69.49,97200.0,6754427.999999999,DVA,DAVITA INC,11,1,23918K10,383
25419,21916,2010-12-31,88.83,76020.0,6752856.6,WHR,WHIRLPOOL CORP,11,1,96332010,384
87070,16646,2010-12-31,12.74,526718.0,6710387.32,HCBK,HUDSON CITY BANCORP INC,11,3,44368310,385
24328,20662,2010-12-31,44.84,149144.0,6687616.960000001,EQT,E Q T CORP,11,1,26884L10,386
30940,1425,2010-12-31,119.22,55831.0,6656171.82,FLS,FLOWSERVE CORP,11,1,34354P10,387
21792,20939,2010-12-31,15.72,423184.0,6652452.48,CNP,CENTERPOINT ENERGY INC,11,1,15189T10,388
90199,45270,2010-12-31,20.48,322894.0,6612869.12,CBG,C B RICHARD ELLIS GROUP INC,11,1,12497T10,389
91068,50184,2010-12-31,212.66,30945.0,6580763.7,CMG,CHIPOTLE MEXICAN GRILL INC,11,1,16965610,390
84624,15384,2010-12-31,62.01,106081.0,6578082.81,ROVI,ROVI CORP,11,3,77937610,391
23579,21743,2010-12-31,23.64,274901.0,6498659.640000001,TXT,TEXTRON INC,11,1,88320310,392
52978,20887,2010-12-31,47.18,137416.0,6483286.88,HAS,HASBRO INC,11,3,41805610,393
86106,29374,2010-12-31,62.38,103762.0,6472673.5600000005,EEP,ENBRIDGE ENERGY PARTNERS LP,11,1,29250R10,394
46886,2551,2010-12-31,38.64,167221.0,6461419.44,KLAC,K L A TENCOR CORP,11,3,48248010,395
78987,12027,2010-12-31,34.21,188306.0,6441948.26,MCHP,MICROCHIP TECHNOLOGY INC,11,3,59501710,396
90162,45174,2010-12-31,13.14,489596.0,6433291.44,GNW,GENWORTH FINANCIAL INC,11,1,37247D10,397
80924,13304,2010-12-31,1.6301,3933195.0,6411501.169500001,SIRI,SIRIUS X M RADIO INC,11,3,82967N10,398
90520,46091,2010-12-31,41.17,155664.0,6408686.88,CE,CELANESE CORP DEL,11,1,15087010,399
48486,7013,2010-12-31,51.78,123254.0,6382092.12,LRCX,LAM RESH CORP,11,3,51280710,400
93422,53439,2010-12-31,36.31,175621.0,6376798.510000001,QEP,Q E P RESOURCES INC,11,1,74733V10,401
81655,30886,2010-12-31,46.44,137300.0,6376212.0,DRI,DARDEN RESTAURANTS INC,11,1,23719410,402
90052,44911,2010-12-31,52.7,120803.0,6366318.100000001,TRW,T R W AUTOMOTIVE HOLDINGS CORP,11,1,87264S10,403
53866,20690,2010-12-31,49.71,126385.0,6282598.350000001,FDO,FAMILY DOLLAR STORES INC,11,1,30700010,404
85257,32054,2010-12-31,39.25,160050.0,6281962.5,AME,AMETEK INC NEW,11,1,03110010,405
90808,47013,2010-12-31,25.09,248347.0,6231026.2299999995,EXPE,EXPEDIA INC DE,11,3,30212P10,406
48506,20610,2010-12-31,26.54,234200.0,6215668.0,MCO,MOODYS CORP,11,1,61536910,407
29946,20340,2010-12-31,69.62,88565.0,6165895.300000001,BF,BROWN FORMAN CORP,11,1,11563720,408
24221,20258,2010-12-31,30.63,199805.0,6120027.149999999,CEG,CONSTELLATION ENERGY GROUP INC,11,1,21037110,409
66325,6412,2010-12-31,12.59,485590.0,6113578.1,SLM,S L M CORP,11,1,78442P10,410
80080,30070,2010-12-31,84.08,72128.0,6064522.24,EMN,EASTMAN CHEMICAL CO,11,1,27743210,411
88989,41578,2010-12-31,66.88,90297.0,6039063.359999999,KMR,KINDER MORGAN MANAGEMENT LLC,11,1,49455U10,412
57568,20257,2010-12-31,68.05,88321.0,6010244.05,BLL,BALL CORP,11,1,05849810,413
91575,51423,2010-12-31,14.49,412517.0,5977371.33,HTZ,HERTZ GLOBAL HOLDINGS INC,11,1,42805T10,414
42906,2093,2010-12-31,6.87,863339.0,5931138.93,HBAN,HUNTINGTON BANCSHARES INC,11,3,44615010,415
92530,31726,2010-12-31,13.34,444530.0,5930030.2,CPN,CALPINE CORP,11,1,13134730,416
25232,21332,2010-12-31,55.47,106492.0,5907111.24,OKE,ONEOK INC NEW,11,1,68268010,417
91547,51338,2010-12-31,15.86,371817.0,5897017.62,SAI,S A I C INC,11,1,78390X10,418
79881,12546,2010-12-31,35.81,164044.0,5874415.640000001,URBN,URBAN OUTFITTERS INC,11,3,91704710,419
77182,11257,2010-12-31,63.33,92337.0,5847702.21,PRGO,PERRIGO CO,11,3,71429010,420
25582,20883,2010-12-31,45.3,128279.0,5811038.699999999,HRS,HARRIS CORP,11,1,41387510,421
12074,9921,2010-12-31,33.0,175726.0,5798958.0,PDE,PRIDE INTERNATIONAL INC DEL,11,1,74153Q10,422
19166,20681,2010-12-31,79.89,72536.0,5794901.04,FMC,F M C CORP,11,1,30249130,423
52329,21011,2010-12-31,45.85,126150.0,5783977.5,JEC,JACOBS ENGINEERING GROUP INC,11,1,46981410,424
90805,47011,2010-12-31,41.7,138000.0,5754600.0,DISCA,DISCOVERY COMMUNICATIONS INC,11,3,25470F10,425
92988,53189,2010-12-31,25.7,222943.0,5729635.1,CFN,CAREFUSION CORP,11,1,14170T10,426
35051,21360,2010-12-31,49.58,115472.0,5725101.76,PLL,PALL CORP,11,1,69642930,427
75326,20221,2010-12-31,35.06,162482.0,5696618.92,ACI,ARCH COAL INC,11,1,03938010,428
15202,21876,2010-12-31,44.36,128391.0,5695424.76,VMC,VULCAN MATERIALS CO,11,1,92916010,429
82581,14098,2010-12-31,61.39,91939.0,5644135.21,HSIC,SCHEIN HENRY INC,11,3,80640710,430
85753,15940,2010-12-31,32.67,172736.0,5643285.12,VRSN,VERISIGN INC,11,3,92343E10,431
81138,13457,2010-12-31,39.49,142670.0,5634038.300000001,APOL,APOLLO GROUP INC,11,3,03760410,432
76584,10860,2010-12-31,12.32,456788.0,5627628.16,ATML,ATMEL CORP,11,3,04951310,433
44206,21299,2010-12-31,31.88,176318.0,5621017.84,NU,NORTHEAST UTILITIES,11,1,66439710,434
52090,2801,2010-12-31,46.53,120734.0,5617753.0200000005,MKC,MCCORMICK & CO INC,11,1,57978020,435
61241,211,2010-12-31,8.18,681763.0,5576821.34,AMD,ADVANCED MICRO DEVICES INC,11,1,00790310,436
89217,42402,2010-12-31,66.15,84053.0,5560105.95,AAP,ADVANCE AUTO PARTS INC,11,1,00751Y10,437
65330,21092,2010-12-31,36.27,153000.0,5549310.000000001,LM,LEGG MASON INC,11,1,52490110,438
87054,16643,2010-12-31,18.25,302407.0,5518927.75,HK,PETROHAWK ENERGY CORP,11,1,71649510,439
26382,20745,2010-12-31,53.65,102124.0,5478952.6,MEE,MASSEY ENERGY CO,11,1,57620610,440
75828,10303,2010-12-31,16.38,334000.0,5470920.0,ERTS,ELECTRONIC ARTS INC,11,3,28551210,441
82759,14205,2010-12-31,18.18,300185.0,5457363.3,NUAN,NUANCE COMMUNICATIONS INC,11,3,67020Y10,442
43123,21722,2010-12-31,55.18,98592.0,5440306.56,ATI,ALLEGHENY TECHNOLOGIES,11,1,01741R10,443
38420,20532,2010-12-31,15.98,338336.0,5406609.28,CHMT,CHEMTURA CORP,11,1,16389320,444
25590,21255,2010-12-31,65.62,82191.0,5393373.42,NFG,NATIONAL FUEL GAS CO N J,11,1,63618010,445
17726,20537,2010-12-31,33.38,159344.0,5318902.720000001,CCK,CROWN HOLDINGS INC,11,1,22836810,446
91485,51210,2010-12-31,35.17,150868.0,5306027.5600000005,RVBD,RIVERBED TECHNOLOGY INC,11,3,76857310,447
45911,20058,2010-12-31,28.63,184966.0,5295576.58,SWKS,SKYWORKS SOLUTIONS INC,11,3,83088M10,448
77730,4620,2010-12-31,17.22,307125.0,5288692.5,TSN,TYSON FOODS INC,11,1,90249410,449
60986,3178,2010-12-31,18.18,290300.0,5277654.0,NWL,NEWELL RUBBERMAID INC,11,1,65122910,450
45277,5132,2010-12-31,17.69,298200.0,5275158.0,IGT,INTERNATIONAL GAME TECHNOLOGY,11,1,45990210,451
70308,20033,2010-12-31,62.46,84074.0,5251262.04,ARG,AIRGAS INC,11,1,00936310,452
91392,50965,2010-12-31,29.96,174967.0,5242011.32,WYN,WYNDHAM WORLDWIDE CORP,11,1,98310W10,453
81736,13753,2010-12-31,34.64,151192.0,5237290.88,RMD,RESMED INC,11,1,76115210,454
75383,21965,2010-12-31,75.23,69248.0,5209527.04,BEC,BECKMAN COULTER INC,11,1,07581110,455
53065,20997,2010-12-31,10.62,488735.0,5190365.699999999,IPG,INTERPUBLIC GROUP COS INC,11,1,46069010,456
23085,21570,2010-12-31,40.6,127223.0,5165253.8,SCG,SCANA CORP NEW,11,1,80589M10,457
90992,48792,2010-12-31,80.39,64196.0,5160716.44,IHS,I H S INC,11,1,45173410,458
87659,36954,2010-12-31,72.9,70584.0,5145573.600000001,ENR,ENERGIZER HOLDINGS INC,11,1,29266R10,459
32707,20902,2010-12-31,48.48,105986.0,5138201.279999999,HP,HELMERICH & PAYNE INC,11,1,42345210,460
23473,912,2010-12-31,31.69,162000.0,5133780.0,CINF,CINCINNATI FINANCIAL CORP,11,3,17206210,461
75285,20312,2010-12-31,62.76,81567.0,5119144.92,MAN,MANPOWER INC WIS,11,1,56418H10,462
85593,32136,2010-12-31,99.22,51572.0,5116973.84,AMG,AFFILIATED MANAGERS GROUP INC,11,1,00825210,463
80191,30249,2010-12-31,55.78,91571.0,5107830.38,ALB,ALBEMARLE CORP,11,1,01265310,464
92778,47011,2010-12-31,36.69,139000.0,5099910.0,DISCK,DISCOVERY COMMUNICATIONS INC,11,3,25470F30,465
88335,37710,2010-12-31,34.92,145234.0,5071571.28,DNDN,DENDREON CORP,11,3,24823Q10,466
83976,22200,2010-12-31,57.63,87846.0,5062564.98,ANF,ABERCROMBIE & FITCH CO,11,1,00289620,467
12073,9847,2010-12-31,14.01,359100.0,5030991.0,PBCT,PEOPLES UNITED FINANCIAL INC,11,3,71270410,468
77157,22462,2010-12-31,30.7,163636.0,5023625.2,OI,OWENS ILL INC,11,1,69076840,469
27684,20239,2010-12-31,33.03,151961.0,5019271.83,AVT,AVNET INC,11,1,05380710,470
93101,30388,2010-12-31,98.71,50806.0,5015060.26,LEA,LEAR CORP,11,1,52186520,471
83143,14330,2010-12-31,25.01,200129.0,5005226.29,IRM,IRON MOUNTAIN INC,11,1,46284610,472
85621,32158,2010-12-31,151.21001,32825.0,4963468.57825,MTD,METTLER TOLEDO INTERNATIONAL INC,11,1,59268810,473
42877,6606,2010-12-31,40.81,121490.0,4958006.9,JBHT,HUNT J B TRANSPORT SERVICES INC,11,3,44565810,474
24459,21411,2010-12-31,24.18,203354.0,4917099.72,PBI,PITNEY BOWES INC,11,1,72447910,475
12650,21033,2010-12-31,47.86,102611.0,4910962.46,KSU,KANSAS CITY SOUTHERN,11,1,48517030,476
23393,1103,2010-12-31,69.02,71134.0,4909668.68,CHD,CHURCH & DWIGHT INC,11,1,17134010,477
38762,21244,2010-12-31,17.62,278306.0,4903751.720000001,NI,NISOURCE INC,11,1,65473P10,478
76095,10504,2010-12-31,18.82,260040.0,4893952.8,HOLX,HOLOGIC INC,11,3,43644010,479
93089,53256,2010-12-31,34.08,143068.0,4875757.4399999995,VRSK,VERISK ANALYTICS INC,11,3,92345Y10,480
14656,21686,2010-12-31,40.31,120579.0,4860539.49,SUN,SUNOCO INC,11,1,86764P10,481
11600,9424,2010-12-31,34.17,141800.0,4845306.0,XRAY,DENTSPLY INTERNATIONAL INC NEW,11,3,24903010,482
90071,37496,2010-12-31,19.54,247197.0,4830229.38,NRG,N R G ENERGY INC,11,1,62937750,483
76230,10691,2010-12-31,39.93,120939.0,4829094.27,TRMB,TRIMBLE NAVIGATION LTD,11,3,89623910,484
62308,21764,2010-12-31,59.74,80054.0,4782425.96,TMK,TORCHMARK CORP,11,1,89102710,485
83621,14744,2010-12-31,52.07,91647.0,4772059.29,ANSS,ANSYS INC,11,3,03662Q10,486
79265,12214,2010-12-31,29.75,159212.0,4736557.0,FLIR,FLIR SYSTEMS INC,11,3,30244510,487
77520,11473,2010-12-31,50.66,93046.0,4713710.359999999,AGCO,A G C O CORP,11,1,00108410,488
86996,16584,2010-12-31,40.94,114832.0,4701222.08,SBAC,S B A COMMUNICATIONS CORP,11,3,78388J10,489
91275,41998,2010-12-31,62.56,75140.0,4700758.4,LCAPA,LIBERTY MEDIA CORP NEW,11,3,53071M30,490
79411,12305,2010-12-31,39.82,117605.0,4683031.1,PETM,PETSMART INC,11,3,71676810,491
76625,10902,2010-12-31,61.72,75722.0,4673561.84,CEPH,CEPHALON INC,11,3,15670810,492
79588,12415,2010-12-31,32.86,141570.0,4651990.2,GMCR,GREEN MOUNTAIN COFFEE ROASTERS I,11,3,39312210,493
88031,7902,2010-12-31,52.28,88980.0,4651874.4,HANS,HANSEN NATURAL CORP,11,3,41131010,494
14795,21758,2010-12-31,47.73,97096.0,4634392.08,TKR,TIMKEN CO,11,1,88738910,495
44601,20238,2010-12-31,42.34,109417.0,4632715.78,AVY,AVERY DENNISON CORP,11,1,05361110,496
92402,52840,2010-12-31,38.96,118776.0,4627512.96,MSCI,M S C I INC,11,1,55354G10,497
91579,51426,2010-12-31,30.47,150962.0,4599812.14,KBR,K B R INC,11,1,48242W10,498
86804,35031,2010-12-31,26.63,171694.0,4572211.22,JEF,JEFFERIES GROUP INC NEW,11,1,47231910,499
23229,20361,2010-12-31,18.6,244576.0,4549113.600000001,CMS,C M S ENERGY CORP,11,1,12589610,500
