permno,permco,date,prc,shrout,market_equity,ticker,comnam,shrcd,exchcd,ncusip,rank,row_id,gvkey,iid,cusip,cik,cik_norm,conm,filing_date,form_type,accession_number,file_name,file_path
11850,20678,2010-12-31,73.12,5042557.0,368711767.84,XOM,EXXON MOBIL CORP,11,1,30231G10,1,0,004503,01,30231G102,0000034088,34088,EXXON MOBIL CORP,,,,,
14593,7,2010-12-31,322.56,921035.0,297089049.6,AAPL,APPLE INC,11,3,03783310,2,1,001690,01,037833100,0000320193,320193,APPLE INC,2010-10-27,10-K,0001193125-10-238044,20101027_10-K_edgar_data_320193_0001193125-10-238044.txt,D:\HEC\Courses\TM3\Data\Project 2\data\data\2010\QTR4_10-K_files\20101027_10-K_edgar_data_320193_0001193125-10-238044.txt
10107,8048,2010-12-31,27.91,8403000.0,234527730.0,MSFT,MICROSOFT CORP,11,3,59491810,3,2,012141,01,594918104,0000789019,789019,MICROSOFT CORP,,,,,
12060,20792,2010-12-31,18.29,10654718.0,194874792.22,GE,GENERAL ELECTRIC CO,11,1,36960410,4,3,005047,01,369604301,0000040545,40545,GE AEROSPACE,,,,,
55976,21880,2010-12-31,53.93,3561994.0,192098336.42,WMT,WAL MART STORES INC,11,1,93114210,5,4,011259,01,931142103,0000104169,104169,WALMART INC,,,,,
14541,20440,2010-12-31,91.25,2012428.0,183634055.0,CVX,CHEVRON CORP NEW,11,1,16676410,6,5,002991,01,166764100,0000093410,93410,CHEVRON CORP,,,,,
12490,20990,2010-12-31,146.75999,1242361.0,182328887.93639,IBM,INTERNATIONAL BUSINESS MACHS COR,11,1,45920010,7,6,006066,01,459200101,0000051143,51143,INTL BUSINESS MACHINES CORP,,,,,
18163,21446,2010-12-31,64.33,2799193.0,180072085.69,PG,PROCTER & GAMBLE CO,11,1,74271810,8,7,008762,01,742718109,0000080424,80424,PROCTER & GAMBLE CO,,,,,
66093,21645,2010-12-31,29.38,5910000.0,173635800.0,T,A T & T INC,11,1,00206R10,9,8,009899,01,00206R102,0000732717,732717,AT&T INC,,,,,
22111,21018,2010-12-31,61.85,2746254.0,169855809.9,JNJ,JOHNSON & JOHNSON,11,1,47816010,10,9,006266,01,478160104,0000200406,200406,JOHNSON & JOHNSON,,,,,
47896,20436,2010-12-31,42.42,3909181.0,165827458.02,JPM,JPMORGAN CHASE & CO,11,1,46625H10,11,10,002968,01,46625H100,0000019617,19617,JPMORGAN CHASE & CO,,,,,
38703,21305,2010-12-31,30.99,5248756.0,162658948.44,WFC,WELLS FARGO & CO NEW,11,1,94974610,12,11,008007,01,949746101,0000072971,72971,WELLS FARGO & CO,,,,,
10104,8045,2010-12-31,31.3,5052420.0,158140746.0,ORCL,ORACLE CORP,11,3,68389X10,13,12,012142,01,68389X105,0001341439,1341439,ORACLE CORP,,,,,
11308,20468,2010-12-31,65.77,2322034.0,152720176.17999998,KO,COCA COLA CO,11,1,19121610,14,13,003144,01,191216100,0000021344,21344,COCA-COLA CO,,,,,
90319,45483,2010-12-31,593.96997,243611.0,144697618.36167,GOOG,GOOGLE INC,11,3,38259P50,15,14,160329,03,02079K107,0001652044,1652044,ALPHABET INC,,,,,
21936,21394,2010-12-31,17.51,8009951.0,140254242.01000002,PFE,PFIZER INC,11,1,71708110,16,15,008530,01,717081103,0000078003,78003,PFIZER INC,,,,,
70519,20483,2010-12-31,4.73,29049600.0,137404608.0,C,CITIGROUP INC,11,1,17296710,17,16,003243,01,172967424,0000831001,831001,CITIGROUP INC,,,,,
59408,3151,2010-12-31,13.34,10085147.0,134535860.98,BAC,BANK OF AMERICA CORP,11,1,06050510,18,17,007647,01,060505104,0000070858,70858,BANK OF AMERICA CORP,,,,,
59328,2367,2010-12-31,21.03,5511000.0,115896330.0,INTC,INTEL CORP,11,3,45814010,19,18,006008,01,458140100,0000050863,50863,INTEL CORP,,,,,
17778,540,2010-12-31,120450.0,956.0,115150200.0,BRK,BERKSHIRE HATHAWAY INC DEL,11,1,08467010,20,19,<NA>,,,,,,,,,,
76076,10486,2010-12-31,20.23,5542762.0,112130075.26,CSCO,CISCO SYSTEMS INC,11,3,17275R10,21,20,020779,01,17275R102,0000858877,858877,CISCO SYSTEMS INC,,,,,
22752,21188,2010-12-31,36.04,3080881.0,111034951.24,MRK,MERCK & CO INC NEW,11,1,58933Y10,22,21,007257,01,58933Y105,0000310158,310158,MERCK & CO INC,,,,,
92602,52978,2010-12-31,58.53,1814394.0,106196480.82,PM,PHILIP MORRIS INTERNATIONAL INC,11,1,71817210,23,22,179621,01,718172109,0001413329,1413329,PHILIP MORRIS INTERNATIONAL,,,,,
13856,21384,2010-12-31,65.33,1584841.0,103537662.53,PEP,PEPSICO INC,11,1,71344810,24,23,008479,01,713448108,0000077476,77476,PEPSICO INC,,,,,
65875,20288,2010-12-31,35.78,2826783.0,101142295.74,VZ,VERIZON COMMUNICATIONS INC,11,1,92343V10,25,24,002136,01,92343V104,0000732712,732712,VERIZON COMMUNICATIONS INC,,,,,
13928,21401,2010-12-31,68.1,1469225.0,100054222.5,COP,CONOCOPHILLIPS,11,1,20825C10,26,25,008549,01,20825C104,0001163165,1163165,CONOCOPHILLIPS,,,,,
27828,20908,2010-12-31,42.1,2190426.0,92216934.6,HPQ,HEWLETT PACKARD CO,11,1,42823610,27,26,005606,01,40434L105,0000047217,47217,HP INC,2010-12-15,10-K,0001047469-10-010444,20101215_10-K_edgar_data_47217_0001047469-10-010444.txt,D:\HEC\Courses\TM3\Data\Project 2\data\data\2010\QTR4_10-K_files\20101215_10-K_edgar_data_47217_0001047469-10-010444.txt
86868,35048,2010-12-31,168.16,511243.0,85970622.88,GS,GOLDMAN SACHS GROUP INC,11,1,38141G10,28,27,114628,01,38141G104,0000886982,886982,GOLDMAN SACHS GROUP INC,,,,,
83443,540,2010-12-31,80.11,1037799.0,83138077.89,BRK,BERKSHIRE HATHAWAY INC DEL,11,1,08467070,29,28,<NA>,,,,,,,,,,
84788,15473,2010-12-31,180.0,451000.0,81180000.0,AMZN,AMAZON COM INC,11,3,02313510,30,29,064768,01,023135106,0001018724,1018724,AMAZON.COM INC,,,,,
43449,21177,2010-12-31,76.76,1056507.0,81097477.32000001,MCD,MCDONALDS CORP,11,1,58013510,31,30,007154,01,580135101,0000063908,63908,MCDONALD'S CORP,,,,,
77178,11253,2010-12-31,49.49,1634000.0,80866660.0,QCOM,QUALCOMM INC,11,3,74752510,32,31,024800,01,747525103,0000804328,804328,QUALCOMM INC,2010-11-03,10-K,0000950123-10-100207,20101103_10-K_edgar_data_804328_0000950123-10-100207.txt,D:\HEC\Courses\TM3\Data\Project 2\data\data\2010\QTR4_10-K_files\20101103_10-K_edgar_data_804328_0000950123-10-100207.txt
34833,21322,2010-12-31,98.1,812586.0,79714686.6,OXY,OCCIDENTAL PETROLEUM CORP,11,1,67459910,33,32,008068,01,674599105,0000797468,797468,OCCIDENTAL PETROLEUM CORP,,,,,
20482,20017,2010-12-31,47.91,1545816.0,74060044.55999999,ABT,ABBOTT LABORATORIES,11,1,00282410,34,33,001078,01,002824100,0000001800,1800,ABBOTT LABORATORIES,,,,,
17830,21832,2010-12-31,78.72,923407.0,72690599.03999999,UTX,UNITED TECHNOLOGIES CORP,11,1,91301710,35,34,<NA>,,,,,,,,,,
26403,20587,2010-12-31,37.51,1893584.0,71028335.84,DIS,DISNEY WALT CO,11,1,25468710,36,35,003980,01,254687106,0001744489,1744489,DISNEY (WALT) CO,,,,,
22592,21205,2010-12-31,86.3,714859.0,61692331.7,MMM,3M CO,11,1,88579Y10,37,36,007435,01,88579Y101,0000066740,66740,3M CO,,,,,
18542,20408,2010-12-31,93.66,634703.0,59446282.98,CAT,CATERPILLAR INC,11,1,14912310,38,37,002817,01,149123101,0000018230,18230,CATERPILLAR INC,,,,,
12369,53554,2010-12-31,36.86,1571700.0,57932862.0,GM,GENERAL MOTORS CO,11,1,37045V10,39,38,005073,19,37045V100,0001467858,1467858,GENERAL MOTORS CO,,,,,
66181,5085,2010-12-31,35.06,1638821.0,57457064.260000005,HD,HOME DEPOT INC,11,1,43707610,40,39,005680,01,437076102,0000354950,354950,HOME DEPOT INC,,,,,
25785,20750,2010-12-31,16.79,3401803.0,57116272.37,F,FORD MOTOR CO DEL,11,1,34537086,41,40,004839,01,345370860,0000037996,37996,FORD MOTOR CO,,,,,
81774,20763,2010-12-31,120.09,471000.0,56562390.0,FCX,FREEPORT MCMORAN COPPER & GOLD,11,1,35671D85,42,41,014590,02,35671D857,0000831259,831259,FREEPORT-MCMORAN INC,,,,,
89006,41680,2010-12-31,31.51,1746774.0,55040848.74,KFT,KRAFT FOODS INC,11,1,50075N10,43,42,<NA>,,,,,,,,,,
87447,36383,2010-12-31,72.58,728907.0,52904070.06,UPS,UNITED PARCEL SERVICE INC,11,1,91131210,44,43,010920,01,911312106,0001090727,1090727,UNITED PARCEL SERVICE INC,,,,,
66157,1645,2010-12-31,26.97,1918307.0,51736739.79,USB,U S BANCORP DEL,11,1,90297330,45,44,004723,01,902973304,0000036104,36104,US BANCORP,,,,,
59176,90,2010-12-31,42.92,1203764.0,51665550.88,AXP,AMERICAN EXPRESS CO,11,1,02581610,46,45,001447,01,025816109,0000004962,4962,AMERICAN EXPRESS CO,,,,,
13901,21398,2010-12-31,24.62,2087827.0,51402300.74,MO,ALTRIA GROUP INC,11,1,02209S10,47,46,008543,01,02209S103,0000764180,764180,ALTRIA GROUP INC,,,,,
14008,216,2010-12-31,54.9,932000.0,51166800.0,AMGN,AMGEN INC,11,3,03116210,48,47,001602,01,031162100,0000318154,318154,AMGEN INC,,,,,
19561,20315,2010-12-31,65.26,733580.0,47873430.8,BA,BOEING CO,11,1,09702310,49,48,002285,01,097023105,0000012927,12927,BOEING CO,,,,,
17005,21185,2010-12-31,34.77,1358800.0,47245476.00000001,CVS,C V S CAREMARK CORP,11,1,12665010,50,49,007241,01,126650100,0000064803,64803,CVS HEALTH CORP,,,,,
10147,8093,2010-12-31,22.9,2060396.0,47183068.4,EMC,E M C CORP MA,11,1,26864810,51,50,042939,01,37960A644,,<NA>,EMERGING MARKET CONSUMER ETF,,,,,
48725,21810,2010-12-31,92.66,493149.0,45695186.34,UNP,UNION PACIFIC CORP,11,1,90781810,52,51,010867,01,907818108,0000100885,100885,UNION PACIFIC CORP,,,,,
11703,20606,2010-12-31,49.88,912894.0,45535152.72,DD,DU PONT E I DE NEMOURS & CO,11,1,26353410,53,52,004060,01,26614N102,0001666700,1666700,DUPONT DE NEMOURS INC,,,,,
89525,43613,2010-12-31,21.97,2069590.0,45468892.3,CMCSA,COMCAST CORP NEW,11,3,20030N10,54,53,003226,01,20030N101,0001166691,1166691,COMCAST CORP,,,,,
19393,20331,2010-12-31,26.48,1711685.0,45325418.8,BMY,BRISTOL MYERS SQUIBB CO,11,1,11012210,55,54,002403,01,110122108,0000014272,14272,BRISTOL-MYERS SQUIBB CO,,,,,
87842,37138,2010-12-31,44.44,985255.0,43784732.2,MET,METLIFE INC,11,1,59156R10,56,55,133768,01,59156R108,0001099219,1099219,METLIFE INC,2010-11-22,10-K-A,0000950123-10-107876,20101122_10-K-A_edgar_data_1099219_0000950123-10-107876.txt,D:\HEC\Courses\TM3\Data\Project 2\data\data\2010\QTR4_10-K_files\20101122_10-K-A_edgar_data_1099219_0000950123-10-107876.txt
39490,20204,2010-12-31,119.23,364591.0,43470184.93,APA,APACHE CORP,11,1,03741110,57,56,001678,01,03743Q108,0001841666,1841666,APA CORP,,,,,
22103,20643,2010-12-31,57.17,754285.0,43122473.45,EMR,EMERSON ELECTRIC CO,11,1,29101110,58,57,004321,01,291011104,0000032604,32604,EMERSON ELECTRIC CO,2010-11-23,10-K,0001144204-10-063258,20101123_10-K_edgar_data_32604_0001144204-10-063258.txt,D:\HEC\Courses\TM3\Data\Project 2\data\data\2010\QTR4_10-K_files\20101123_10-K_edgar_data_32604_0001144204-10-063258.txt
49154,20561,2010-12-31,60.13,708082.0,42576970.66,TGT,TARGET CORP,11,1,87612E10,59,58,003813,01,87612E106,0000027419,27419,TARGET CORP,,,,,
10145,22168,2010-12-31,53.16,780173.0,41473996.68,HON,HONEYWELL INTERNATIONAL INC,11,1,43851610,60,59,001300,01,438516106,0000773840,773840,HONEYWELL INTERNATIONAL INC,,,,,
82800,31574,2010-12-31,48.74,850000.0,41429000.0,SCCO,SOUTHERN COPPER CORP,11,1,84265V10,61,60,061811,01,84265V105,0001001838,1001838,SOUTHERN COPPER CORP,,,,,
69032,21224,2010-12-31,27.21,1512877.0,41165383.17,MS,MORGAN STANLEY DEAN WITTER & CO,11,1,61744644,62,61,012124,01,617446448,0000895421,895421,MORGAN STANLEY,,,,,
50876,21102,2010-12-31,35.04,1153143.0,40406130.72,LLY,LILLY ELI & CO,11,1,53245710,63,62,006730,01,532457108,0000059478,59478,LILLY (ELI) & CO,,,,,
60097,2850,2010-12-31,37.09,1073476.0,39815224.84,MDT,MEDTRONIC INC,11,1,58505510,64,63,007228,01,G5960L103,0001613103,1613103,MEDTRONIC PLC,,,,,
92655,7267,2010-12-31,36.11,1099938.0,39718761.18,UNH,UNITEDHEALTH GROUP INC,11,1,91324P10,65,64,010903,01,91324P102,0000731766,731766,UNITEDHEALTH GROUP INC,,,,,
20626,20597,2010-12-31,34.14,1160716.0,39626844.24,DOW,DOW CHEMICAL CO,11,1,26054310,66,65,034443,01,260557103,0001751788,1751788,DOW INC,,,,,
18729,20473,2010-12-31,80.37,482684.0,38793313.080000006,CL,COLGATE PALMOLIVE CO,11,1,19416210,67,66,003170,01,194162103,0000021665,21665,COLGATE-PALMOLIVE CO,,,,,
66800,137,2010-12-31,57.62,672138.0,38728591.56,AIG,AMERICAN INTERNATIONAL GROUP INC,11,1,02687478,68,67,001487,01,026874784,0000005272,5272,AMERICAN INTERNATIONAL GROUP,,,,,
15579,21737,2010-12-31,32.5,1174157.0,38160102.5,TXN,TEXAS INSTRUMENTS INC,11,1,88250810,69,68,010499,01,882508104,0000097476,97476,TEXAS INSTRUMENTS INC,,,,,
70332,20194,2010-12-31,76.16,495592.0,37744286.72,APC,ANADARKO PETROLEUM CORP,11,1,03251110,70,69,031371,01,04124A100,0002080921,2080921,ARKO PETROLEUM CORP,,,,,
49656,20265,2010-12-31,30.2,1240454.0,37461710.8,BK,BANK OF NEW YORK MELLON CORP,11,1,06405810,71,70,002019,01,064058100,0001390777,1390777,BANK OF NEW YORK MELLON CORP,,,,,
23819,20868,2010-12-31,40.83,916960.0,37439476.8,HAL,HALLIBURTON CO,11,1,40621610,72,71,005439,01,406216101,0000045012,45012,HALLIBURTON CO,,,,,
88668,40148,2010-12-31,69.64,536447.0,37358169.08,MON,MONSANTO CO NEW,11,1,61166W10,73,72,037606,02,61531M101,0001828325,1828325,MONUMENT CIRC ACQ CORP -REDH,,,,,
86356,16285,2010-12-31,27.83,1297710.0,36115269.3,EBAY,EBAY INC,11,3,27864210,74,73,114524,01,278642103,0001065088,1065088,EBAY INC,,,,,
19502,21881,2010-12-31,38.96,925764.0,36067765.44,WAG,WALGREEN CO,11,1,93142210,75,74,<NA>,,,,,,,,,,
77418,11412,2010-12-31,32.17,1109297.0,35686084.49,TWX,TIME WARNER INC NEW,11,1,88731730,76,75,025056,01,887317303,0001105705,1105705,TIME WARNER INC,,,,,
19350,20566,2010-12-31,83.05,422711.0,35106148.55,DE,DEERE & CO,11,1,24419910,77,76,003835,01,244199105,0000315189,315189,DEERE & CO,2010-12-17,10-K,0001104659-10-063219,20101217_10-K_edgar_data_315189_0001104659-10-063219.txt,D:\HEC\Courses\TM3\Data\Project 2\data\data\2010\QTR4_10-K_files\20101217_10-K_edgar_data_315189_0001104659-10-063219.txt
92611,52983,2010-12-31,70.38,496799.0,34964713.62,V,VISA INC,11,1,92826C83,78,77,179534,01,92826C839,0001403161,1403161,VISA INC,2010-11-19,10-K,0001193125-10-265236,20101119_10-K_edgar_data_1403161_0001193125-10-265236.txt,D:\HEC\Courses\TM3\Data\Project 2\data\data\2010\QTR4_10-K_files\20101119_10-K_edgar_data_1403161_0001193125-10-265236.txt
61399,2709,2010-12-31,25.08,1380004.0,34610500.32,LOW,LOWES COMPANIES INC,11,1,54866110,79,78,006829,01,548661107,0000060667,60667,LOWE'S COS INC,,,,,
90386,45695,2010-12-31,76.36,445654.0,34030139.44,MOS,MOSAIC CO,11,1,61945A10,80,79,162129,01,61945C103,0001285785,1285785,MOSAIC CO,,,,,
87137,35222,2010-12-31,78.51,431900.0,33908469.0,DVN,DEVON ENERGY CORP NEW,11,1,25179M10,81,80,014934,01,25179M103,0001090012,1090012,DEVON ENERGY CORP,,,,,
57665,3194,2010-12-31,85.42,387883.0,33132965.86,NKE,NIKE INC,11,1,65410610,82,81,007906,01,654106103,0000320187,320187,NIKE INC  -CL B,,,,,
89954,44708,2010-12-31,39.93,808447.0,32281288.71,DTV,DIRECTV,11,3,25490A10,83,82,003897,04,233331883,0000936340,936340,DTE ENERGY CO,,,,,
60442,3685,2010-12-31,60.72,525796.0,31926333.12,PNC,P N C FINANCIAL SERVICES GRP INC,11,1,69347510,84,83,008245,01,693475105,0000713676,713676,PNC FINANCIAL SVCS GROUP INC,,,,,
18411,21640,2010-12-31,38.23,830706.0,31757890.38,SO,SOUTHERN CO,11,1,84258710,85,84,009850,01,842587107,0000092122,92122,SOUTHERN CO,,,,,
87055,7882,2010-12-31,72.21,436525.0,31521470.25,COST,COSTCO WHOLESALE CORP NEW,11,3,22160K10,86,85,029028,01,22160K105,0000909832,909832,COSTCO WHOLESALE CORP,2010-10-18,10-K,0001193125-10-230379,20101018_10-K_edgar_data_909832_0001193125-10-230379.txt,D:\HEC\Courses\TM3\Data\Project 2\data\data\2010\QTR4_10-K_files\20101018_10-K_edgar_data_909832_0001193125-10-230379.txt
90505,46024,2010-12-31,45.95,684730.0,31463343.500000004,LVS,LAS VEGAS SANDS CORP,11,1,51783410,87,86,161844,01,517834107,0001300514,1300514,LAS VEGAS SANDS CORP,,,,,
49680,20557,2010-12-31,47.17,653954.0,30847010.18,DHR,DANAHER CORP,11,1,23585110,88,87,003735,01,235851102,0000313616,313616,DANAHER CORP,,,,,
22293,20523,2010-12-31,19.32,1562879.0,30194822.28,GLW,CORNING INC,11,1,21935010,89,88,003532,01,219350105,0000024741,24741,CORNING INC,,,,,
21207,21286,2010-12-31,61.43,486198.0,29867143.14,NEM,NEWMONT MINING CORP,11,1,65163910,90,89,007881,01,651639106,0001164727,1164727,NEWMONT CORP,,,,,
27887,20277,2010-12-31,50.62,582727.0,29497640.74,BAX,BAXTER INTERNATIONAL INC,11,1,07181310,91,90,002086,01,071813109,0000010456,10456,BAXTER INTERNATIONAL INC,,,,,
60628,1685,2010-12-31,93.01,315021.0,29300103.21,FDX,FEDEX CORP,11,1,31428X10,92,91,004598,01,31428X106,0001048911,1048911,FEDEX CORP,,,,,
77768,29540,2010-12-31,95.47,306380.0,29250098.6,PX,PRAXAIR INC,11,1,74005P10,93,92,<NA>,,,,,,,,,,
77274,11300,2010-12-31,36.24,801998.0,29064407.520000003,GILD,GILEAD SCIENCES INC,11,3,37555810,94,93,024856,01,375558103,0000882095,882095,GILEAD SCIENCES INC,,,,,
77668,11569,2010-12-31,54.05,528069.0,28542129.45,ESRX,EXPRESS SCRIPTS INC,11,3,30218210,95,94,025356,01,30219G108,0001532063,1532063,EXPRESS SCRIPTS HOLDING CO,,,,,
89258,42524,2010-12-31,58.71,483349.0,28377419.79,PRU,PRUDENTIAL FINANCIAL INC,11,1,74432010,96,95,143356,01,744320102,0001137774,1137774,PRUDENTIAL FINANCIAL INC,,,,,
84032,31769,2010-12-31,67.25,419635.0,28220453.75,NOV,NATIONAL OILWELL VARCO INC,11,1,63707110,97,96,063892,01,62955J103,0001021860,1021860,NOV INC,,,,,
11552,9374,2010-12-31,59.14,470388.0,27818746.32,CELG,CELGENE CORP,11,3,15102010,98,97,013599,01,151020104,0000816284,816284,CELGENE CORP,,,,,
21776,21396,2010-12-31,41.64,661413.0,27541237.32,EXC,EXELON CORP,11,1,30161N10,99,98,008539,01,30161N101,0001109357,1109357,EXELON CORP,,,,,
91233,50700,2010-12-31,224.11,122530.0,27460198.3,MA,MASTERCARD INC,11,1,57636Q10,100,99,160225,01,57636Q104,0001141391,1141391,MASTERCARD INC,,,,,
12052,20791,2010-12-31,70.96,377744.0,26804714.24,GD,GENERAL DYNAMICS CORP,11,1,36955010,101,100,005046,01,369550108,0000040533,40533,GENERAL DYNAMICS CORP,,,,,
57904,92,2010-12-31,56.43,471261.0,26593258.23,AFL,AFLAC INC,11,1,00105510,102,101,001449,01,001055102,0000004977,4977,AFLAC INC,,,,,
90441,21287,2010-12-31,14.56,1822302.0,26532717.12,NWSA,NEWS CORP,11,3,65248E10,103,102,018043,01,65249B109,0001564708,1564708,NEWS CORP,,,,,
56573,20968,2010-12-31,53.4,495931.0,26482715.4,ITW,ILLINOIS TOOL WORKS INC,11,1,45230810,104,103,005878,01,452308109,0000049826,49826,ILLINOIS TOOL WORKS,,,,,
15069,21795,2010-12-31,37.03,709912.0,26288041.36,MRO,MARATHON OIL CORP,11,1,56584910,105,104,007017,01,565849106,0000101778,101778,MARATHON OIL CORP,,,,,
11081,9833,2010-12-31,13.55,1930291.0,26155443.05,DELL,DELL INC,11,3,24702R10,106,105,014489,08,24703L202,0001571996,1571996,DELL TECHNOLOGIES INC,,,,,
89813,44277,2010-12-31,61.27,424402.0,26003110.540000003,MHS,MEDCO HEALTH SOLUTIONS INC,11,1,58405U10,107,106,007186,02,58405U102,0001170650,1170650,MEDCO HEALTH SOLUTIONS INC,,,,,
42534,21019,2010-12-31,38.2,676875.0,25856625.000000004,JCI,JOHNSON CONTROLS INC,11,1,47836610,108,107,006268,01,G51502105,0000833444,833444,JOHNSON CONTROLS INTL PLC,2010-11-12,10-K,0001047469-10-009627,20101112_10-K_edgar_data_833444_0001047469-10-009627.txt,D:\HEC\Courses\TM3\Data\Project 2\data\data\2010\QTR4_10-K_files\20101112_10-K_edgar_data_833444_0001047469-10-009627.txt
17750,21055,2010-12-31,63.04,407793.0,25707270.72,KMB,KIMBERLY CLARK CORP,11,1,49436810,109,108,006435,01,494368103,0000055785,55785,KIMBERLY-CLARK CORP,,,,,
59459,4293,2010-12-31,55.71,460500.0,25654455.0,TRV,TRAVELERS COMPANIES INC,11,1,89417E10,110,109,062689,05,89417E109,0000086312,86312,TRAVELERS COS INC,,,,,
21178,21110,2010-12-31,69.91,360128.0,25176548.48,LMT,LOCKHEED MARTIN CORP,11,1,53983010,111,110,006774,01,539830109,0000936468,936468,LOCKHEED MARTIN CORP,,,,,
28484,20064,2010-12-31,76.54,328755.0,25162907.700000003,HES,HESS CORP,11,1,42809H10,112,111,001380,01,42809H107,0000004447,4447,HESS CORP,2010-11-08,10-K-A,0000950123-10-102589,20101108_10-K-A_edgar_data_4447_0000950123-10-102589.txt,D:\HEC\Courses\TM3\Data\Project 2\data\data\2010\QTR4_10-K_files\20101108_10-K-A_edgar_data_4447_0000950123-10-102589.txt
87267,36336,2010-12-31,190.58,131100.0,24985038.0,BLK,BLACKROCK INC,11,1,09247X10,113,112,124434,01,09290D101,0002012383,2012383,BLACKROCK INC,,,,,
37584,6407,2010-12-31,111.21,223993.0,24910261.53,BEN,FRANKLIN RESOURCES INC,11,1,35461310,114,113,004885,01,354613101,0000038777,38777,FRANKLIN RESOURCES INC,2010-11-16,10-K,0001193125-10-261858,20101116_10-K_edgar_data_38777_0001193125-10-261858.txt,D:\HEC\Courses\TM3\Data\Project 2\data\data\2010\QTR4_10-K_files\20101116_10-K_edgar_data_38777_0001193125-10-261858.txt
64936,20592,2010-12-31,42.72,580508.0,24799301.76,D,DOMINION RESOURCES INC VA NEW,11,1,25746U10,115,114,004029,01,25746U109,0000715957,715957,DOMINION ENERGY INC,,,,,
75034,20253,2010-12-31,57.17,431274.0,24655934.58,BHI,BAKER HUGHES INC,11,1,05722410,116,115,001976,01,057224107,0000808362,808362,BAKER HUGHES INC,,,,,
62148,20370,2010-12-31,64.61,374185.0,24176092.85,CSX,C S X CORP,11,1,12640810,117,116,002574,01,126408103,0000277948,277948,CSX CORP,,,,,
77702,11592,2010-12-31,32.13,745400.0,23949702.000000004,SBUX,STARBUCKS CORP,11,3,85524410,118,117,025434,01,855244109,0000829224,829224,STARBUCKS CORP,2010-11-22,10-K,0001193125-10-266333,20101122_10-K_edgar_data_829224_0001193125-10-266333.txt,D:\HEC\Courses\TM3\Data\Project 2\data\data\2010\QTR4_10-K_files\20101122_10-K_edgar_data_829224_0001193125-10-266333.txt
27959,20608,2010-12-31,17.81,1324549.0,23590217.69,DUK,DUKE ENERGY CORP NEW,11,1,26441C10,119,118,004093,01,26441C204,0001326160,1326160,DUKE ENERGY CORP,,,,,
91883,51978,2010-12-31,66.03,355733.0,23489049.99,TWC,TIME WARNER CABLE INC,11,1,88732J20,120,119,176404,01,88732J207,0001377013,1377013,TIME WARNER CABLE INC,,,,,
72726,4260,2010-12-31,46.34,502025.0,23263838.5,STT,STATE STREET CORP,11,1,85747710,121,120,010035,01,857477103,0000093751,93751,STATE STREET CORP,,,,,
75825,22113,2010-12-31,91.41,254016.0,23219602.56,EOG,EOG RESOURCES INC,11,1,26875P10,122,121,016478,01,26875P101,0000821189,821189,EOG RESOURCES INC,,,,,
85348,32093,2010-12-31,49.05,468584.0,22984045.2,YUM,YUM BRANDS INC,11,1,98849810,123,122,065417,01,988498101,0001041061,1041061,YUM BRANDS INC,,,,,
44644,20235,2010-12-31,46.28,494200.0,22871576.0,ADP,AUTOMATIC DATA PROCESSING INC,11,3,05301510,124,123,001891,01,053015103,0000008670,8670,AUTOMATIC DATA PROCESSING,,,,,
64311,21294,2010-12-31,62.82,363372.0,22827029.04,NSC,NORFOLK SOUTHERN CORP,11,1,65584410,125,124,007923,01,655844108,0000702165,702165,NORFOLK SOUTHERN CORP,,,,,
17144,20798,2010-12-31,35.59,635812.0,22628549.08,GIS,GENERAL MILLS INC,11,1,37033410,126,125,005071,01,370334104,0000040704,40704,GENERAL MILLS INC,,,,,
89179,42273,2010-12-31,56.86,393610.0,22380664.6,WLP,WELLPOINT INC,11,1,94973V10,127,126,<NA>,,,,,,,,,,
86158,16167,2010-12-31,73.29,303941.0,22275835.89,CTSH,COGNIZANT TECHNOLOGY SOLS CORP,11,3,19244610,128,127,111864,01,192446102,0001058290,1058290,COGNIZANT TECH SOLUTIONS,,,,,
91063,50032,2010-12-31,39.61,556183.0,22030408.63,VIA,VIACOM INC NEW,11,1,92553P20,129,128,061461,01,92556W104,0001603015,1603015,VIA TRANSPORTATION INC,,,,,
62092,4557,2010-12-31,55.36,397478.0,22004382.08,TMO,THERMO FISHER SCIENTIFIC INC,11,1,88355610,130,129,010530,01,883556102,0000097745,97745,THERMO FISHER SCIENTIFIC INC,,,,,
83435,14521,2010-12-31,16.63,1308836.0,21765942.68,YHOO,YAHOO INC,11,3,98433210,131,130,<NA>,,,,,,,,,,
41080,20543,2010-12-31,110.01,197810.0,21761078.1,CMI,CUMMINS INC,11,1,23102110,132,131,003650,01,231021106,0000026172,26172,CUMMINS INC,,,,,
24205,20684,2010-12-31,51.99,415842.0,21619625.58,NEE,NEXTERA ENERGY INC,11,1,65339F10,133,132,004517,01,65339F101,0000753308,753308,NEXTERA ENERGY INC,,,,,
89626,43791,2010-12-31,321.75,66847.0,21508022.25,CME,C M E GROUP INC,11,3,12572Q10,134,133,149070,01,12572Q105,0001156375,1156375,CME GROUP INC,,,,,
73139,4298,2010-12-31,53.7,397120.0,21325344.0,SYK,STRYKER CORP,11,1,86366710,135,134,010115,01,863667101,0000310764,310764,STRYKER CORP,,,,,
22779,21230,2010-12-31,9.07,2349381.0,21308885.67,MOT,MOTOROLA INC,11,1,62007610,136,135,<NA>,,,,,,,,,,
75646,22092,2010-12-31,68.67,307512.0,21116849.04,AGN,ALLERGAN INC,11,1,01849010,137,136,027845,01,G0177J108,0001578845,1578845,ALLERGAN PLC,,,,,
85963,16056,2010-12-31,43.55,484700.0,21108685.0,BRCM,BROADCOM CORP,11,3,11132010,138,137,066708,01,111320107,0001054374,1054374,BROADCOM CORP,,,,,
60506,3487,2010-12-31,57.34,364900.0,20923366.0,PCAR,PACCAR INC,11,3,69371810,139,138,008253,01,693718108,0000075362,75362,PACCAR INC,,,,,
86111,34770,2010-12-31,51.64,399080.0,20608491.2,AMT,AMERICAN TOWER CORP,11,1,02991220,140,139,105365,01,03027X100,0001053507,1053507,AMERICAN TOWER CORP,,,,,
75186,21578,2010-12-31,17.11,1194828.0,20443507.08,SCHW,SCHWAB CHARLES CORP NEW,11,1,80851310,141,140,013988,01,808513105,0000316709,316709,SCHWAB (CHARLES) CORP,,,,,
82598,14152,2010-12-31,54.96,361423.0,19863808.08,NTAP,NETAPP INC,11,3,64110D10,142,141,061591,01,64110D104,0001002047,1002047,NETAPP INC,,,,,
63830,3499,2010-12-31,139.21001,142617.0,19853713.996170003,PCP,PRECISION CASTPARTS CORP,11,1,74018910,143,142,008717,01,740189105,0000079958,79958,PRECISION CASTPARTS CORP,,,,,
86783,16454,2010-12-31,399.54999,49146.0,19636283.80854,PCLN,PRICELINE COM INC,11,3,74150340,144,143,074771,01,900934803,,<NA>,PICTET CLEANER PLANET ETF,,,,,
28222,20030,2010-12-31,90.95,214453.0,19504500.35,APD,AIR PRODUCTS & CHEMICALS INC,11,1,00915810,145,144,001209,01,009158106,0000002969,2969,AIR PRODUCTS & CHEMICALS INC,2010-11-23,10-K,0001193125-10-266784,20101123_10-K_edgar_data_2969_0001193125-10-266784.txt,D:\HEC\Courses\TM3\Data\Project 2\data\data\2010\QTR4_10-K_files\20101123_10-K_edgar_data_2969_0001193125-10-266784.txt
81055,30513,2010-12-31,42.56,456926.0,19446770.56,COF,CAPITAL ONE FINANCIAL CORP,11,1,14040H10,146,145,030990,01,14040H105,0000927628,927628,CAPITAL ONE FINANCIAL CORP,,,,,
86979,16614,2010-12-31,36.92,523202.0,19316617.84,JNPR,JUNIPER NETWORKS INC,11,1,48203R10,147,146,121718,01,48203R104,0001043604,1043604,JUNIPER NETWORKS INC,,,,,
10516,20207,2010-12-31,30.08,638893.0,19217901.44,ADM,ARCHER DANIELS MIDLAND CO,11,1,03948310,148,147,001722,01,039483102,0000007084,7084,ARCHER-DANIELS-MIDLAND CO,,,,,
39642,20284,2010-12-31,84.52,226253.0,19122903.56,BDX,BECTON DICKINSON & CO,11,1,07588710,149,148,002111,01,075887109,0000010795,10795,BECTON DICKINSON & CO,2010-11-24,10-K,0000950123-10-108757,20101124_10-K_edgar_data_10795_0000950123-10-108757.txt,D:\HEC\Courses\TM3\Data\Project 2\data\data\2010\QTR4_10-K_files\20101124_10-K_edgar_data_10795_0000950123-10-108757.txt
86946,35164,2010-12-31,32.62,583052.0,19019156.24,RAI,REYNOLDS AMERICAN INC,11,1,76171310,150,149,120877,01,761713106,0001275283,1275283,REYNOLDS AMERICAN INC,,,,,
24766,21303,2010-12-31,64.78,291989.0,18915047.42,NOC,NORTHROP GRUMMAN CORP,11,1,66680710,151,150,007985,01,666807102,0001133421,1133421,NORTHROP GRUMMAN CORP,,,,,
26825,21041,2010-12-31,51.08,368214.0,18808371.12,K,KELLOGG CO,11,1,48783610,152,151,006375,01,487836108,0000055067,55067,KELLANOVA,,,,,
10324,8243,2010-12-31,71.2,263669.0,18773232.8,GENZ,GENZYME CORP,11,3,37291710,153,152,012233,01,372917104,0000732485,732485,GENZYME CORP,,,,,
13688,21356,2010-12-31,47.84,392066.0,18756437.44,PCG,P G & E CORP,11,1,69331C10,154,153,008264,01,69331C108,0001004980,1004980,PG&E CORP,,,,,
14702,194,2010-12-31,14.05,1322873.0,18586365.65,AMAT,APPLIED MATERIALS INC,11,3,03822210,155,154,001704,01,038222105,0000006951,6951,APPLIED MATERIALS INC,2010-12-10,10-K,0000950123-10-112754,20101210_10-K_edgar_data_6951_0000950123-10-112754.txt,D:\HEC\Courses\TM3\Data\Project 2\data\data\2010\QTR4_10-K_files\20101210_10-K_edgar_data_6951_0000950123-10-112754.txt
71563,4163,2010-12-31,26.29,693732.0,18238214.28,BBT,B B & T CORP,11,1,05493710,156,155,074571,01,084680107,0001108134,1108134,BEACON FINANCIAL CORP,,,,,
59192,900,2010-12-31,59.64,304933.0,18186204.12,CB,CHUBB CORP,11,1,17123210,157,156,028034,01,H1467J104,0000896159,896159,CHUBB LTD,,,,,
81061,30521,2010-12-31,70.38,253063.0,17810573.939999998,MCK,MCKESSON H B O C INC,11,1,58155Q10,158,157,007171,01,58155Q103,0000927653,927653,MCKESSON CORP,,,,,
40539,21949,2010-12-31,44.39,395802.0,17569650.78,TJX,T J X COMPANIES INC NEW,11,1,87254010,159,158,011672,01,872540109,0000109198,109198,TJX COS INC (THE),,,,,
11955,9804,2010-12-31,36.87,475801.0,17542782.869999997,WM,WASTE MANAGEMENT INC DEL,11,1,94106L10,160,159,014477,01,94106L109,0000823768,823768,WASTE MANAGEMENT INC,,,,,
90215,45288,2010-12-31,132.0,131400.0,17344800.0,CRM,SALESFORCE COM INC,11,1,79466L30,161,160,157855,01,79466L302,0001108524,1108524,SALESFORCE INC,,,,,
24109,20077,2010-12-31,35.98,480276.0,17280330.479999997,AEP,AMERICAN ELECTRIC POWER CO INC,11,1,02553710,162,161,001440,01,025537101,0000004904,4904,AMERICAN ELECTRIC POWER CO,,,,,
88991,41580,2010-12-31,63.98,269638.0,17251439.24,BTU,PEABODY ENERGY CORP,11,1,70454910,163,162,142460,03,704551100,0001064728,1064728,PEABODY ENERGY CORP,,,,,
52038,21698,2010-12-31,29.4,585085.0,17201499.0,SYY,SYSCO CORP,11,1,87182910,164,163,010247,01,871829107,0000096021,96021,SYSCO CORP,,,,,
79323,29870,2010-12-31,31.88,538184.0,17157305.919999998,ALL,ALLSTATE CORP,11,1,02000210,165,164,028349,01,020002101,0000899051,899051,ALLSTATE CORP,,,,,
11762,20627,2010-12-31,101.51,168300.0,17084133.0,ETN,EATON CORP,11,1,27805810,166,165,004199,01,G29183103,0001551182,1551182,EATON CORP PLC,,,,,
78877,11937,2010-12-31,25.91,653915.0,16942937.65,CHK,CHESAPEAKE ENERGY CORP,11,1,16516710,167,166,<NA>,,,,,,,,,,
24942,21492,2010-12-31,46.34,364543.0,16892922.62,RTN,RAYTHEON CO,11,1,75511150,168,167,008972,01,755111507,0001047122,1047122,RAYTHEON CO,,,,,
10138,8087,2010-12-31,64.54,258760.0,16700370.400000002,TROW,T ROWE PRICE GROUP INC,11,3,74144T10,169,168,012138,01,74144T108,0001113169,1113169,PRICE (T. ROWE) GROUP,,,,,
75489,10171,2010-12-31,22.77,723195.0,16467150.15,SPLS,STAPLES INC,11,3,85503010,170,169,075344,01,72201R551,,<NA>,PIMCO US STOCKS PLUS ACTI BD,,,,,
88661,40143,2010-12-31,55.31,296381.0,16392833.11,COH,COACH INC,11,1,18975410,171,170,<NA>,,,,,,,,,,
91650,51539,2010-12-31,24.99,648222.0,16199067.78,SE,SPECTRA ENERGY CORP,11,1,84756010,172,171,032546,90,81141R100,0001703399,1703399,SEA LIMITED,,,,,
26710,21111,2010-12-31,38.91,416215.0,16194925.65,L,LOEWS CORP,11,1,54042410,173,172,006781,01,540424108,0000060086,60086,LOEWS CORP,,,,,
76841,11112,2010-12-31,67.05,240912.0,16153149.6,BIIB,BIOGEN IDEC INC,11,3,09062X10,174,173,024468,01,09062X103,0000875045,875045,BIOGEN INC,,,,,
23712,21458,2010-12-31,31.81,505934.0,16093760.54,PEG,PUBLIC SERVICE ENTERPRISE GP INC,11,1,74457310,175,174,008810,01,744573106,0000788784,788784,PUBLIC SERVICE ENTRP GRP INC,,,,,
27983,21945,2010-12-31,11.52,1387197.0,15980509.44,XRX,XEROX CORP,11,1,98412110,176,175,011636,01,98421M106,0001770450,1770450,XEROX HOLDINGS CORP,,,,,
77606,29494,2010-12-31,54.34,292388.0,15888363.920000002,KSS,KOHLS CORP,11,1,50025510,177,176,025283,01,500255104,0000885639,885639,KOHL'S CORP,,,,,
23077,20900,2010-12-31,49.46,320747.0,15864146.62,HNZ,HEINZ H J CO,11,1,42307410,178,177,005568,01,423074103,0001637459,1637459,KRAFT HEINZ CO,,,,,
24643,20060,2010-12-31,15.39,1021442.0,15719992.38,AA,ALCOA INC,11,1,01381710,179,178,027638,01,013872106,0001675149,1675149,ALCOA CORP,,,,,
75510,8476,2010-12-31,30.78,501897.0,15448389.66,ADBE,ADOBE SYSTEMS INC,11,3,00724F10,180,179,012540,01,00724F101,0000796343,796343,ADOBE INC,,,,,
78975,12011,2010-12-31,49.3,310611.0,15313122.3,INTU,INTUIT INC,11,3,46120210,181,180,027928,01,461202103,0000896878,896878,INTUIT INC,,,,,
61735,20203,2010-12-31,46.01,329915.0,15179389.15,AON,AON CORP,11,1,03738910,182,181,003221,01,G0403H108,0000315293,315293,AON PLC,,,,,
85913,30005,2010-12-31,41.54,364245.0,15130737.3,MAR,MARRIOTT INTERNATIONAL INC NEW,11,1,57190320,183,182,028930,02,571903202,0001048286,1048286,MARRIOTT INTL INC,,,,,
61815,3219,2010-12-31,86.08,175095.0,15072177.6,NBL,NOBLE ENERGY INC,11,1,65504410,184,183,007912,01,655044105,0000072207,72207,NOBLE ENERGY INC,,,,,
45751,21158,2010-12-31,27.34,543451.0,14857950.34,MMC,MARSH & MCLENNAN COS INC,11,1,57174810,185,184,<NA>,,,,,,,,,,
68144,21691,2010-12-31,29.51,499959.0,14753790.09,STI,SUNTRUST BANKS INC,11,1,86791410,186,185,040279,02,834212201,0001881551,1881551,SOLIDION TECHNOLOGY INC,,,,,
79678,12499,2010-12-31,12.44,1183320.0,14720500.8,ATVI,ACTIVISION BLIZZARD INC,11,3,00507V10,187,186,180405,01,00507V109,0000718877,718877,ACTIVISION BLIZZARD INC,,,,,
68591,4278,2010-12-31,42.75,342540.0,14643585.0,STJ,ST JUDE MEDICAL INC,11,1,79084910,188,187,009372,01,790849103,0000203077,203077,ST JUDE MEDICAL INC,,,,,
89565,43613,2010-12-31,20.81,695234.0,14467819.54,CMCSK,COMCAST CORP NEW,11,3,20030N20,189,188,003226,02,20030N200,0001166691,1166691,COMCAST CORP,,,,,
38156,21923,2010-12-31,24.72,584775.0,14455638.0,WMB,WILLIAMS COS,11,1,96945710,190,189,011506,01,969457100,0000107263,107263,WILLIAMS COS INC,,,,,
11404,20499,2010-12-31,49.57,290536.0,14401869.52,ED,CONSOLIDATED EDISON INC,11,1,20911510,191,190,003413,01,209115104,0001047862,1047862,CONSOLIDATED EDISON INC,,,,,
87432,36364,2010-12-31,41.43,347604.0,14401233.72,A,AGILENT TECHNOLOGIES INC,11,1,00846U10,192,191,126554,01,00846U101,0001090872,1090872,AGILENT TECHNOLOGIES INC,2010-12-20,10-K,0001047469-10-010499,20101220_10-K_edgar_data_1090872_0001047469-10-010499.txt,D:\HEC\Courses\TM3\Data\Project 2\data\data\2010\QTR4_10-K_files\20101220_10-K_edgar_data_1090872_0001047469-10-010499.txt
28345,21236,2010-12-31,74.55,192367.0,14340959.85,MUR,MURPHY OIL CORP,11,1,62671710,193,192,007620,01,626717102,0000717423,717423,MURPHY OIL CORP,,,,,
90880,47422,2010-12-31,57.55,247962.0,14270213.1,AMP,AMERIPRISE FINANCIAL INC,11,1,03076C10,194,193,164708,01,03076C106,0000820027,820027,AMERIPRISE FINANCIAL INC,,,,,
16678,21068,2010-12-31,22.36,635950.0,14219842.0,KR,KROGER CO,11,1,50104410,195,194,006502,01,501044101,0000056873,56873,KROGER CO,,,,,
60599,20421,2010-12-31,46.17,303247.0,14000913.99,CTL,CENTURYLINK INC,11,1,15670010,196,195,<NA>,,,,,,,,,,
41355,21367,2010-12-31,86.3,161332.0,13922951.6,PH,PARKER HANNIFIN CORP,11,1,70109410,197,196,008358,01,701094104,0000076334,76334,PARKER-HANNIFIN CORP,,,,,
34817,21308,2010-12-31,43.82,315729.0,13835244.78,NUE,NUCOR CORP,11,1,67034610,198,197,008030,01,670346105,0000073309,73309,NUCOR CORP,,,,,
30681,1367,2010-12-31,45.8,301239.0,13796746.2,OMC,OMNICOM GROUP INC,11,1,68191910,199,198,004066,01,681919106,0000029989,29989,OMNICOM GROUP INC,,,,,
22509,21351,2010-12-31,84.07,163019.0,13705007.329999998,PPG,P P G INDUSTRIES INC,11,1,69350610,200,199,008247,01,693506107,0000079879,79879,PPG INDUSTRIES INC,,,,,
85914,7506,2010-12-31,34.29,397841.0,13641967.89,BBY,BEST BUY COMPANY INC,11,1,08651610,201,200,002184,01,086516101,0000764478,764478,BEST BUY CO INC,,,,,
59010,1892,2010-12-31,22.14,614360.0,13601930.4,GPS,GAP INC,11,1,36476010,202,201,<NA>,,,,,,,,,,
58246,3275,2010-12-31,55.41,242269.0,13424125.29,NTRS,NORTHERN TRUST CORP,11,3,66585910,203,202,007982,01,665859104,0000073124,73124,NORTHERN TRUST CORP,,,,,
21371,6262,2010-12-31,38.31,348960.0,13368657.6,CAH,CARDINAL HEALTH INC,11,1,14149Y10,204,203,002751,01,14149Y108,0000721371,721371,CARDINAL HEALTH INC,,,,,
85459,15758,2010-12-31,80.19,166048.0,13315389.12,CHRW,CH ROBINSON WORLDWIDE INC,11,3,12541W20,205,204,065609,01,12541W209,0001043277,1043277,C H ROBINSON WORLDWIDE INC,,,,,
85032,15545,2010-12-31,7.61,1742716.0,13262068.76,Q,QWEST COMMUNICATIONS INTL INC,11,1,74912110,206,205,074813,01,74743L100,0002058873,2058873,QNITY ELECTRONICS INC,,,,,
64390,3682,2010-12-31,19.87,663200.0,13177784.0,PGR,PROGRESSIVE CORP OH,11,1,74331510,207,206,013341,01,743315103,0000080661,80661,PROGRESSIVE CORP-OHIO,,,,,
90442,21287,2010-12-31,16.42,798521.0,13111714.820000002,NWS,NEWS CORP,11,3,65248E20,208,207,018043,02,65249B208,0001564708,1564708,NEWS CORP,,,,,
85269,32066,2010-12-31,23.12,566211.0,13090798.32,VLO,VALERO ENERGY CORP NEW,11,1,91913Y10,209,208,015247,01,91913Y100,0001035002,1035002,VALERO ENERGY CORP,,,,,
63765,4338,2010-12-31,37.43,346783.0,12980087.69,SWN,SOUTHWESTERN ENERGY CO,11,1,84546710,210,209,009904,01,845467109,0000007332,7332,SOUTHWESTERN ENERGY CO,,,,,
89533,43620,2010-12-31,103.84,124600.0,12938464.0,WYNN,WYNN RESORTS LTD,11,3,98313410,211,210,149318,01,983134107,0001174922,1174922,WYNN RESORTS LTD,,,,,
82686,14201,2010-12-31,68.41,187490.0,12826190.9,CTXS,CITRIX SYSTEMS INC,11,3,17737610,212,211,061676,01,177376100,0000877890,877890,CITRIX SYSTEMS INC,,,,,
24010,21201,2010-12-31,70.83,180915.0,12814209.45,ETR,ENTERGY CORP NEW,11,1,29364G10,213,212,007366,01,29364G103,0000065984,65984,ENTERGY CORP,,,,,
75607,10224,2010-12-31,16.74,763249.0,12776788.259999998,SYMC,SYMANTEC CORP,11,3,87150310,214,213,<NA>,,,,,,,,,,
86339,16268,2010-12-31,43.83,290756.0,12743835.48,CCI,CROWN CASTLE INTERNATIONAL CORP,11,1,22822710,215,214,113490,01,22822V101,0001051470,1051470,CROWN CASTLE INC,,,,,
23114,20397,2010-12-31,43.48,292938.0,12736944.239999998,PGN,PROGRESS ENERGY INC,11,1,74326310,216,215,<NA>,,,,,,,,,,
77659,11558,2010-12-31,49.15,259111.0,12735305.65,BBBY,BED BATH & BEYOND INC,11,3,07589610,217,216,147868,01,690370101,0001130713,1130713,BED BATH & BEYOND INC,,,,,
92890,53121,2010-12-31,62.25,204576.0,12734856.0,MJN,MEAD JOHNSON NUTRITION CO,11,1,58283910,218,217,180833,01,582839106,0001452575,1452575,MEAD JOHNSON NUTRITION CO,,,,,
22517,21376,2010-12-31,26.32,483292.0,12720245.44,PPL,P P L CORP,11,1,69351T10,219,218,008455,01,69351T106,0000922224,922224,PPL CORP,,,,,
86136,34798,2010-12-31,52.48,240055.0,12598086.4,SRE,SEMPRA ENERGY,11,1,81685110,220,219,008272,01,816851109,0001032208,1032208,SEMPRA ENERGY,,,,,
15720,21543,2010-12-31,38.6,325811.0,12576304.6,EIX,EDISON INTERNATIONAL,11,1,28102010,221,220,009846,01,281020107,0000827052,827052,EDISON INTERNATIONAL,,,,,
39087,21833,2010-12-31,4.23,2952045.0,12487150.35,S,SPRINT NEXTEL CORP,11,1,85206110,222,221,037596,01,81730H109,0001583708,1583708,SENTINELONE INC,,,,,
40416,20240,2010-12-31,29.06,429180.0,12471970.8,AVP,AVON PRODUCTS INC,11,1,05430310,223,222,001920,01,054303102,0000008868,8868,AVON PRODUCTS,,,,,
25778,5220,2010-12-31,24.44,504092.0,12320008.48,CA,C A INC,11,3,12673P10,224,223,045004,01,23306X852,,<NA>,XTRACKERS CALIFORNIA MUNI BD,,,,,
81857,13833,2010-12-31,50.73,242568.0,12305474.64,CAM,CAMERON INTERNATIONAL CORP,11,1,13342B10,225,224,074694,01,00039J772,,<NA>,AB CALIFORNIA INTERMDT MNCPL,,,,,
17279,56249,2010-12-31,82.06,149610.0,12276996.6,LO,LORILLARD INC,11,1,54414710,226,225,147175,01,544147101,0001424847,1424847,LORILLARD INC,,,,,
88845,41072,2010-12-31,30.51,400100.0,12207051.0,AET,AETNA INC NEW,11,1,00817Y10,227,226,001177,01,00817Y108,0001122304,1122304,AETNA INC,,,,,
91461,51196,2010-12-31,18.57,655867.0,12179450.19,WU,WESTERN UNION CO,11,1,95980210,228,227,175263,01,959802109,0001365135,1365135,WESTERN UNION CO,,,,,
76226,21866,2010-12-31,19.05,631131.0,12023045.55,CBS,C B S CORP NEW,11,1,12485720,229,228,<NA>,,,,,,,,,,
76605,29009,2010-12-31,272.59,43792.0,11937261.28,AZO,AUTOZONE INC,11,1,05333210,230,229,023809,01,053332102,0000866787,866787,AUTOZONE INC,2010-10-25,10-K,0000950123-10-095687,20101025_10-K_edgar_data_866787_0000950123-10-095687.txt,D:\HEC\Courses\TM3\Data\Project 2\data\data\2010\QTR4_10-K_files\20101025_10-K_edgar_data_866787_0000950123-10-095687.txt
21573,20994,2010-12-31,27.24,437456.0,11916301.44,IP,INTERNATIONAL PAPER CO,11,1,46014610,231,230,006104,01,460146103,0000051434,51434,INTL PAPER CO,,,,,
88853,41080,2010-12-31,66.26,178792.0,11846757.920000002,FLR,FLUOR CORP NEW,11,1,34341210,232,231,004818,01,343412102,0001124198,1124198,FLUOR CORP,,,,,
82618,14105,2010-12-31,49.86,236502.0,11791989.72,SNDK,SANDISK CORP,11,3,80004C10,233,232,051008,01,80004C200,0002023554,2023554,SANDISK CORP,,,,,
82775,31386,2010-12-31,26.49,444541.0,11775891.09,HIG,HARTFORD FINANCIAL SVCS GRP INC,11,1,41651510,234,233,061739,01,416515104,0000874766,874766,HARTFORD INSURANCE GROUP INC,,,,,
70578,1467,2010-12-31,50.42,232135.0,11704246.7,ECL,ECOLAB INC,11,1,27886510,235,234,004213,01,278865100,0000031462,31462,ECOLAB INC,,,,,
34746,1741,2010-12-31,14.68,796273.0,11689287.64,FITB,FIFTH THIRD BANCORP,11,3,31677310,236,235,004640,01,316773100,0000035527,35527,FIFTH THIRD BANCORP,,,,,
25320,20384,2010-12-31,34.75,333544.0,11590654.0,CPB,CAMPBELL SOUP CO,11,1,13442910,237,236,002663,01,134429109,0000016732,16732,CAMPBELL'S CO (THE),,,,,
91207,20935,2010-12-31,60.78,190650.0,11587707.0,HOT,STARWOOD HOTELS & REST WLDWD INC,11,1,85590A40,238,237,005723,01,85590A401,0000316206,316206,STARWOOD HOTELS&RESORTS WRLD,,,,,
87717,7232,2010-12-31,54.6,212048.0,11577820.8,EXPD,EXPEDITORS INTERNATIONAL WA INC,11,3,30213010,239,238,004494,01,302130109,0000746515,746515,EXPEDITORS INTL WASH INC,,,,,
77605,29489,2010-12-31,7.57,1520077.0,11506982.89,BSX,BOSTON SCIENTIFIC CORP,11,1,10113710,240,239,025279,01,101137107,0000885725,885725,BOSTON SCIENTIFIC CORP,,,,,
86228,34838,2010-12-31,29.86,384247.0,11473615.42,RSG,REPUBLIC SERVICES INC,11,1,76075910,241,240,112168,01,760759100,0001060391,1060391,REPUBLIC SERVICES INC,,,,,
75577,9735,2010-12-31,35.58,319494.0,11367596.52,ALTR,ALTERA CORP,11,3,02144110,242,241,032530,01,021369103,0001701732,1701732,ALTAIR ENGINEERING INC,,,,,
23026,21326,2010-12-31,37.02,304835.0,11284991.7,FE,FIRSTENERGY CORP,11,1,33793210,243,242,008099,01,337932107,0001031296,1031296,FIRSTENERGY CORP,,,,,
60871,282,2010-12-31,37.67,298653.0,11250258.51,ADI,ANALOG DEVICES INC,11,1,03265410,244,243,001632,01,032654105,0000006281,6281,ANALOG DEVICES INC,2010-11-22,10-K,0000950123-10-107816,20101122_10-K_edgar_data_6281_0000950123-10-107816.txt,D:\HEC\Courses\TM3\Data\Project 2\data\data\2010\QTR4_10-K_files\20101122_10-K_edgar_data_6281_0000950123-10-107816.txt
22840,21566,2010-12-31,17.51,639266.0,11193547.66,SLE,SARA LEE CORP,11,1,80311110,245,244,034613,01,86804F509,0001621672,1621672,SUPER LEAGUE ENTERPRISE INC,,,,,
61621,6333,2010-12-31,30.91,361671.0,11179250.61,PAYX,PAYCHEX INC,11,3,70432610,246,245,008402,01,704326107,0000723531,723531,PAYCHEX INC,,,,,
17478,21179,2010-12-31,36.41,307000.0,11177869.999999998,MHP,MCGRAW HILL COS INC,11,1,58064510,247,246,<NA>,,,,,,,,,,
91611,51447,2010-12-31,130.14,85844.0,11171738.159999998,FSLR,FIRST SOLAR INC,11,3,33643310,248,247,175404,01,336433107,0001274494,1274494,FIRST SOLAR INC,,,,,
43350,21664,2010-12-31,66.87,165922.0,11095204.14,SWK,STANLEY BLACK & DECKER INC,11,1,85450210,249,248,010016,01,854502101,0000093556,93556,STANLEY BLACK & DECKER INC,,,,,
12140,20833,2010-12-31,88.07,125375.0,11041776.25,GR,GOODRICH CORP,11,1,38238810,250,249,005229,01,382388106,0000042542,42542,GOODRICH CORP,,,,,
86799,35026,2010-12-31,48.74,225845.0,11007685.3,CNX,CONSOL ENERGY INC,11,1,20854P10,251,250,120093,01,12653C108,0001070412,1070412,CNX RESOURCES CORP,,,,,
25953,20596,2010-12-31,58.45,186790.0,10917875.5,DOV,DOVER CORP,11,1,26000310,252,251,004058,01,260003108,0000029905,29905,DOVER CORP,,,,,
84597,15370,2010-12-31,18.99,573635.0,10893328.65,AMTD,T D AMERITRADE HOLDING CORP,11,3,87236Y10,253,252,035331,90,00180G304,0001769731,1769731,AMTD IDEA GROUP,,,,,
23931,21300,2010-12-31,23.55,460113.0,10835661.15,XEL,X C E L ENERGY INC,11,1,98389B10,254,253,007977,01,98389B100,0000072903,72903,XCEL ENERGY INC,,,,,
77462,22856,2010-12-31,25.3,423477.0,10713968.1,M,MACYS INC,11,1,55616P10,255,254,004611,02,55616P104,0000794367,794367,MACY'S INC,,,,,
89004,41678,2010-12-31,88.91,119711.0,10643505.01,FTI,F M C TECHNOLOGIES INC,11,1,30249U10,256,255,030923,01,G87110105,0001681459,1681459,TECHNIPFMC PLC,,,,,
89070,41870,2010-12-31,53.68,197443.0,10598740.24,ZMH,ZIMMER HOLDINGS INC,11,1,98956P10,257,256,<NA>,,,,,,,,,,
27422,20462,2010-12-31,78.01,135459.0,10567156.59,CLF,CLIFFS NATURAL RESOURCES INC,11,1,18683K10,258,257,003107,01,185899101,0000764065,764065,CLEVELAND-CLIFFS INC,,,,,
86964,16561,2010-12-31,130.16,80732.0,10508077.12,FFIV,F 5 NETWORKS INC,11,3,31561610,259,258,121077,01,315616102,0001048695,1048695,F5 INC,2010-11-23,10-K,0000950123-10-108100,20101123_10-K_edgar_data_1048695_0000950123-10-108100.txt,D:\HEC\Courses\TM3\Data\Project 2\data\data\2010\QTR4_10-K_files\20101123_10-K_edgar_data_1048695_0000950123-10-108100.txt
93096,53264,2010-12-31,30.67,341102.0,10461598.34,DG,DOLLAR GENERAL CORP NEW,11,1,25667710,260,259,004016,02,256677105,0000029534,29534,DOLLAR GENERAL CORP,,,,,
89195,42285,2010-12-31,32.56,320353.0,10430693.680000002,PFG,PRINCIPAL FINANCIAL GROUP INC,11,1,74251V10,261,260,145701,01,74251V102,0001126328,1126328,PRINCIPAL FINANCIAL GRP INC,,,,,
35554,1689,2010-12-31,87.05,119378.0,10391854.9,MTB,M & T BANK CORP,11,1,55261F10,262,261,004699,01,55261F104,0000036270,36270,M&T BANK CORP,,,,,
84381,31847,2010-12-31,71.71,142202.0,10197305.42,ROK,ROCKWELL AUTOMATION INC,11,1,77390310,263,262,009203,01,773903109,0001024478,1024478,ROCKWELL AUTOMATION,2010-11-18,10-K,0000950123-10-106922,20101118_10-K_edgar_data_1024478_0000950123-10-106922.txt,D:\HEC\Courses\TM3\Data\Project 2\data\data\2010\QTR4_10-K_files\20101118_10-K_edgar_data_1024478_0000950123-10-106922.txt
92257,52705,2010-12-31,88.91,114396.0,10170948.36,VMW,VMWARE INC,11,1,92856340,264,263,178083,01,928563402,0001124610,1124610,VMWARE INC -CL A,,,,,
86725,16425,2010-12-31,55.5,182251.0,10114930.5,LIFE,LIFE TECHNOLOGIES CORP,11,3,53217V10,265,264,074618,01,29765A101,0001788451,1788451,ETHOS TECHNOLOGIES INC,,,,,
92121,52396,2010-12-31,18.53,544682.0,10092957.46,DFS,DISCOVER FINANCIAL SERVICES,11,1,25470910,266,265,177376,02,254709108,0001393612,1393612,DISCOVER FINANCIAL SVCS,,,,,
75241,21366,2010-12-31,86.82,116096.0,10079454.72,PXD,PIONEER NATURAL RESOURCES CO,11,1,72378710,267,266,014359,02,723787107,0001038357,1038357,PIONEER NATURAL RESOURCES CO,,,,,
88352,37727,2010-12-31,257.75,38900.0,10026475.0,ISRG,INTUITIVE SURGICAL INC,11,3,46120E60,268,267,136725,01,46120E602,0001035267,1035267,INTUITIVE SURGICAL INC,,,,,
91983,52253,2010-12-31,58.85,170042.0,10006971.7,CLR,CONTINENTAL RESOURCES INC,11,1,21201510,269,268,003469,02,212015101,0000732834,732834,CONTINENTAL RESOURCES INC,,,,,
91926,20569,2010-12-31,12.6,788920.0,9940392.0,DAL,DELTA AIR LINES INC,11,1,24736170,270,269,003851,03,247361702,0000027904,27904,DELTA AIR LINES INC,,,,,
64186,20357,2010-12-31,36.66,270920.0,9931927.2,CI,C I G N A CORP,11,1,12550910,271,270,002547,01,125523100,0001739940,1739940,CIGNA GROUP (THE),,,,,
56274,20495,2010-12-31,22.58,439720.0,9928877.6,CAG,CONAGRA INC,11,1,20588710,272,271,003362,01,205887102,0000023217,23217,CONAGRA BRANDS INC,,,,,
64282,2664,2010-12-31,30.73,322552.0,9912022.96,LTD,LIMITED BRANDS INC,11,1,53271610,273,272,<NA>,,,,,,,,,,
58683,4181,2010-12-31,12.98,747096.0,9697306.08,LUV,SOUTHWEST AIRLINES CO,11,1,84474110,274,273,009882,01,844741108,0000092380,92380,SOUTHWEST AIRLINES,,,,,
77481,22983,2010-12-31,13.76,704143.0,9689007.68,EP,EL PASO CORP,11,1,28336L10,275,274,026028,01,292034303,0000887396,887396,EMPIRE PETROLEUM CORP,,,,,
23887,925,2010-12-31,9.73,993855.0,9670209.15,FTR,FRONTIER COMMUNICATIONS CORP,11,1,35906A10,276,275,<NA>,,,,,,,,,,
79915,30044,2010-12-31,72.11,133876.0,9653798.36,NFX,NEWFIELD EXPLORATION CO,11,1,65129010,277,276,029173,01,651290108,0000912750,912750,OVINTIV EXPLORATION INC,,,,,
90829,47183,2010-12-31,135.14999,71129.0,9613083.63871,CF,C F INDUSTRIES HOLDINGS INC,11,1,12526910,278,277,163946,01,125269100,0001324404,1324404,CF INDUSTRIES HOLDINGS INC,,,,,
82642,31196,2010-12-31,80.7,119047.0,9607092.9,EL,LAUDER ESTEE COS INC,11,1,51843910,279,278,061567,01,518439104,0001001250,1001250,ESTEE LAUDER COMPANIES INC,,,,,
76712,10996,2010-12-31,12.18,788100.0,9599058.0,AES,A E S CORP,11,1,00130H10,280,279,024216,01,00130H105,0000874761,874761,AES CORP (THE),,,,,
12570,20964,2010-12-31,52.11,183600.0,9567396.0,ITT,I T T CORP,11,1,45091110,281,280,005860,01,45073V108,0000216228,216228,ITT INC,,,,,
52695,20841,2010-12-31,138.11,69062.0,9538152.82,GWW,GRAINGER W W INC,11,1,38480210,282,281,005256,01,384802104,0000277135,277135,GRAINGER (W W) INC,,,,,
93150,43340,2010-12-31,47.1,200250.0,9431775.0,CIT,C I T GROUP INC NEW,11,1,12558180,283,282,149738,06,125581801,0001171825,1171825,CIT GROUP INC,2010-10-29,10-K-A,0000891092-10-004704,20101029_10-K-A_edgar_data_1171825_0000891092-10-004704.txt,D:\HEC\Courses\TM3\Data\Project 2\data\data\2010\QTR4_10-K_files\20101029_10-K-A_edgar_data_1171825_0000891092-10-004704.txt
81540,13650,2010-12-31,34.12,275327.0,9394157.24,ABC,AMERISOURCEBERGEN CORP,11,1,03073E10,284,283,<NA>,,,,,,,,,,
43553,21849,2010-12-31,86.18,108464.0,9347427.52,VFC,V F CORP,11,1,91820410,285,284,011060,01,918204108,0000103379,103379,VF CORP,,,,,
90110,45068,2010-12-31,55.69,167078.0,9304573.82,HSP,HOSPIRA INC,11,1,44106010,286,285,160255,01,441060100,0001274057,1274057,HOSPIRA INC,,,,,
82298,30963,2010-12-31,66.87,139027.0,9296735.49,DO,DIAMOND OFFSHORE DRILLING INC,11,1,25271C10,287,286,061409,02,25271C201,0000949039,949039,DIAMOND OFFSHRE DRILLING INC,,,,,
57817,3217,2010-12-31,42.38,219000.0,9281220.0,JWN,NORDSTROM INC,11,1,65566410,288,287,007922,01,655664100,0000072333,72333,NORDSTROM INC,,,,,
89393,43145,2010-12-31,175.7,52782.0,9273797.4,NFLX,NETFLIX INC,11,3,64110L10,289,288,147579,01,64110L106,0001065280,1065280,NETFLIX INC,,,,,
87657,36952,2010-12-31,80.84,114179.0,9230230.36,EW,EDWARDS LIFESCIENCES CORP,11,1,28176E10,290,289,133366,01,28176E108,0001099800,1099800,EDWARDS LIFESCIENCES CORP,,,,,
84769,31967,2010-12-31,52.78,174612.0,9216021.36,APH,AMPHENOL CORP NEW,11,1,03209510,291,290,014282,01,032095101,0000820313,820313,AMPHENOL CORP,,,,,
69550,3104,2010-12-31,21.13,436110.0,9215004.3,MYL,MYLAN INC,11,3,62853010,292,291,<NA>,,,,,,,,,,
48653,20950,2010-12-31,54.74,168319.0,9213782.06,HUM,HUMANA INC,11,1,44485910,293,292,027914,01,444859102,0000049071,49071,HUMANA INC,,,,,
10225,20067,2010-12-31,60.25,152581.0,9193005.25,FO,FORTUNE BRANDS INC,11,1,34963110,294,293,<NA>,,,,,,,,,,
84373,31838,2010-12-31,53.97,170000.0,9174900.0,DGX,QUEST DIAGNOSTICS INC,11,1,74834L10,295,294,064166,01,74834L100,0001022079,1022079,QUEST DIAGNOSTICS INC,,,,,
45241,20753,2010-12-31,31.98,285618.0,9134063.64,FRX,FOREST LABS INC,11,1,34583810,296,295,037434,02,34619R102,,<NA>,FOREST ROAD ACQUISITION CORP,,,,,
59248,33,2010-12-31,50.19,180460.0,9057287.4,TAP,MOLSON COORS BREWING CO,11,1,60871R20,297,296,003505,01,60871R209,0000024545,24545,MOLSON COORS BEVERAGE CO,,,,,
36468,21609,2010-12-31,83.75,107935.0,9039556.25,SHW,SHERWIN WILLIAMS CO,11,1,82434810,298,297,009667,01,824348106,0000089800,89800,SHERWIN-WILLIAMS CO,,,,,
89014,41688,2010-12-31,58.26,155084.0,9035193.84,COL,ROCKWELL COLLINS INC,11,1,77434110,299,298,144066,01,774341101,0001137411,1137411,ROCKWELL COLLINS,2010-11-23,10-K,0001047469-10-010012,20101123_10-K_edgar_data_1137411_0001047469-10-010012.txt,D:\HEC\Courses\TM3\Data\Project 2\data\data\2010\QTR4_10-K_files\20101123_10-K_edgar_data_1137411_0001047469-10-010012.txt
91277,41998,2010-12-31,15.77,570731.0,9000427.87,LINTA,LIBERTY MEDIA CORP NEW,11,3,53071M10,300,299,<NA>,,,,,,,,,,
92239,52684,2010-12-31,87.67,102392.0,8976706.64,CXO,CONCHO RESOURCES INC,11,1,20605P10,301,300,177884,01,20605P101,0001358071,1358071,CONCHO RESOURCES INC,,,,,
89105,41977,2010-12-31,86.75,103277.0,8959279.75,JOYG,JOY GLOBAL INC,11,3,48116510,302,301,<NA>,,,,,,,,,,
86580,16382,2010-12-31,15.4,581000.0,8947400.0,NVDA,NVIDIA CORP,11,3,67066G10,303,302,117768,01,67066G104,0001045810,1045810,NVIDIA CORP,,,,,
12062,9848,2010-12-31,87.92,101700.0,8941464.0,LH,LABORATORY CORP AMERICA HLDGS,11,1,50540R40,304,303,014960,01,504922105,0000920148,920148,LABCORP HOLDINGS INC,,,,,
39538,21168,2010-12-31,25.43,349100.0,8877613.0,MAT,MATTEL INC,11,3,57708110,305,304,007116,01,577081102,0000063276,63276,MATTEL INC,,,,,
11618,9440,2010-12-31,59.91,147431.0,8832591.209999999,FAST,FASTENAL CO,11,3,31190010,306,305,014225,01,311900104,0000815556,815556,FASTENAL CO,,,,,
46578,20463,2010-12-31,63.28,139443.0,8823953.040000001,CLX,CLOROX CO,11,1,18905410,307,306,003121,01,189054109,0000021076,21076,CLOROX CO/DE,,,,,
49015,21105,2010-12-31,27.81,316761.0,8809123.41,LNC,LINCOLN NATIONAL CORP,11,1,53418710,308,307,006742,01,534187109,0000059558,59558,LINCOLN NATIONAL CORP,,,,,
35044,1620,2010-12-31,7.0,1256084.0,8792588.0,RF,REGIONS FINANCIAL CORP NEW,11,1,7591EP10,309,308,004674,01,7591EP100,0001281761,1281761,REGIONS FINANCIAL CORP,,,,,
87299,17300,2010-12-31,47.05,186603.0,8779671.15,AKAM,AKAMAI TECHNOLOGIES INC,11,3,00971T10,310,309,125595,01,00971T101,0001086222,1086222,AKAMAI TECHNOLOGIES INC,,,,,
89644,43846,2010-12-31,27.24,322000.0,8771280.0,VMED,VIRGIN MEDIA INC,11,3,92769L10,311,310,153668,01,92769L101,0001270400,1270400,VIRGIN MEDIA INC,,,,,
77281,11310,2010-12-31,50.59,172953.0,8749692.270000001,WFMI,WHOLE FOODS MARKET INC,11,3,96683710,312,311,<NA>,,,,,,,,,,
90993,48793,2010-12-31,119.15,73151.0,8715941.65,ICE,INTERCONTINENTALEXCHANGE INC,11,1,45865V10,313,312,163610,01,45866F104,0001571949,1571949,INTERCONTINENTAL EXCHANGE,,,,,
87184,16753,2010-12-31,45.65,190581.0,8700022.65,RHT,RED HAT INC,11,1,75657710,314,313,122841,01,756577102,0001087423,1087423,RED HAT INC,,,,,
85631,7623,2010-12-31,38.2,227395.0,8686489.0,ADSK,AUTODESK INC,11,3,05276910,315,314,001878,01,052769106,0000769397,769397,AUTODESK INC,,,,,
10696,8598,2010-12-31,58.56,146900.0,8602464.0,FISV,FISERV INC,11,3,33773810,316,315,012635,01,337738108,0000798354,798354,FISERV INC,,,,,
46877,20268,2010-12-31,91.77,92903.0,8525708.31,BCR,BARD C R INC,11,1,06738310,317,316,002044,01,067383109,0000009892,9892,BARD (C.R.) INC,2010-12-15,10-K-A,0001193125-10-280715,20101215_10-K-A_edgar_data_9892_0001193125-10-280715.txt,D:\HEC\Courses\TM3\Data\Project 2\data\data\2010\QTR4_10-K_files\20101215_10-K-A_edgar_data_9892_0001193125-10-280715.txt
79103,12097,2010-12-31,60.42,141026.0,8520790.92,ORLY,O REILLY AUTOMOTIVE INC NEW,11,3,67103H10,318,317,028180,01,67103H107,0000898173,898173,O'REILLY AUTOMOTIVE INC,,,,,
70500,20469,2010-12-31,25.03,338787.0,8479838.610000001,CCE,COCA COLA ENTERPRISES INC NEW,11,1,19122T10,319,318,<NA>,,,,,,,,,,
11976,9905,2010-12-31,47.14,178900.0,8433346.0,BMC,B M C SOFTWARE INC,11,3,05592110,320,319,014650,01,055921100,0000835729,835729,BMC SOFTWARE INC,,,,,
76644,29028,2010-12-31,58.42,143615.0,8389988.3,X,UNITED STATES STEEL CORP NEW,11,1,91290910,321,320,023978,01,912909108,0001163302,1163302,UNITED STATES STEEL CORP,,,,,
76149,22765,2010-12-31,22.49,372800.0,8384271.999999999,SWY,SAFEWAY INC,11,1,78651420,322,321,009359,01,786514208,0000086144,86144,SAFEWAY INC,,,,,
68857,20373,2010-12-31,33.84,245694.0,8314284.960000001,CVC,CABLEVISION SYSTEMS CORP,11,1,12686C10,323,322,012485,01,12686C109,0001702780,1702780,OPTIMUM COMMUNICATIONS INC,,,,,
27043,21859,2010-12-31,69.28,119584.0,8284779.52,VAR,VARIAN MEDICAL SYSTEMS INC,11,1,92220P10,324,323,011115,01,92220P105,0000203527,203527,VARIAN MEDICAL SYSTEMS INC,2010-11-23,10-K,0001193125-10-267742,20101123_10-K_edgar_data_203527_0001193125-10-267742.txt,D:\HEC\Courses\TM3\Data\Project 2\data\data\2010\QTR4_10-K_files\20101123_10-K_edgar_data_203527_0001193125-10-267742.txt
89003,41673,2010-12-31,27.39,300961.0,8243321.79,FIS,FIDELITY NATIONAL INFO SVCS INC,11,1,31620M10,325,324,165993,01,31620M106,0001136893,1136893,FIDELITY NATIONAL INFO SVCS,,,,,
79545,29936,2010-12-31,72.36,113756.0,8231384.16,BWA,BORGWARNER INC,11,1,09972410,326,325,028742,01,099724106,0000908255,908255,BORGWARNER INC,,,,,
79859,12608,2010-12-31,18.85,435612.0,8211286.2,NYB,NEW YORK COMMUNITY BANCORP INC,11,1,64944510,327,326,<NA>,,,,,,,,,,
70033,20881,2010-12-31,34.67,235536.0,8166033.12,HOG,HARLEY DAVIDSON INC,11,1,41282210,328,327,012389,01,412822108,0000793952,793952,HARLEY-DAVIDSON INC,,,,,
70536,4108,2010-12-31,66.56,121900.0,8113664.0,SIAL,SIGMA ALDRICH CORP,11,3,82655210,329,328,009699,01,826552101,0000090185,90185,SIGMA-ALDRICH CORP,,,,,
89757,44118,2010-12-31,73.75,110010.0,8113237.5,SHLD,SEARS HOLDINGS CORP,11,3,81235010,330,329,043298,01,37960A529,,<NA>,GLOBAL X DEFENSE TECH ETF,,,,,
46674,20807,2010-12-31,51.34,157535.0,8087846.9,GPC,GENUINE PARTS CO,11,1,37246010,331,330,005125,01,372460105,0000040987,40987,GENUINE PARTS CO,,,,,
88446,37938,2010-12-31,63.34,126608.0,8019350.720000001,ILMN,ILLUMINA INC,11,3,45232710,332,331,138205,01,452327109,0001110803,1110803,ILLUMINA INC,,,,,
53613,7065,2010-12-31,8.02,996800.0,7994336.0,MU,MICRON TECHNOLOGY INC,11,3,59511210,333,332,007343,01,595112103,0000723125,723125,MICRON TECHNOLOGY INC,2010-10-26,10-K,0000723125-10-000174,20101026_10-K_edgar_data_723125_0000723125-10-000174.txt,D:\HEC\Courses\TM3\Data\Project 2\data\data\2010\QTR4_10-K_files\20101026_10-K_edgar_data_723125_0000723125-10-000174.txt
92618,52990,2010-12-31,35.16,227092.0,7984554.719999999,DPS,DR PEPPER SNAPPLE GROUP INC,11,1,26138E10,334,333,179700,01,26138E109,,<NA>,DR PEPPER SNAPPLE GROUP INC,,,,,
86021,34746,2010-12-31,70.49,113186.0,7978481.14,LLL,L 3 COMMUNICATIONS HLDGS INC,11,1,50242410,335,334,<NA>,,,,,,,,,,
10909,8786,2010-12-31,94.74,83239.0,7886062.859999999,CERN,CERNER CORP,11,3,15678210,336,335,012850,01,156782104,0000804753,804753,CERNER CORP,,,,,
75100,21753,2010-12-31,62.27,126400.0,7870928.0,TIF,TIFFANY & CO NEW,11,1,88654710,337,336,013646,01,886547108,0000098246,98246,TIFFANY & CO,,,,,
16600,20906,2010-12-31,47.15,166758.0,7862639.7,HSY,HERSHEY CO,11,1,42786610,338,337,005597,01,427866108,0000047111,47111,HERSHEY CO,,,,,
10299,8220,2010-12-31,34.59,226278.0,7826956.02,LLTC,LINEAR TECHNOLOGY CORP,11,3,53567810,339,338,012216,01,535678106,0000791907,791907,LINEAR TECHNOLOGY CORP,,,,,
91143,50474,2010-12-31,29.98,261000.0,7824780.0,NYX,N Y S E EURONEXT,11,1,62949110,340,339,<NA>,,,,,,,,,,
42585,21629,2010-12-31,65.65,119056.0,7816026.4,SJM,SMUCKER J M CO,11,1,83269640,341,340,009777,01,832696405,0000091419,91419,SMUCKER (JM) CO,,,,,
91103,21793,2010-12-31,23.82,327466.0,7800240.12,UAL,UNITED CONTINENTAL HOLDINGS INC,11,1,91004710,342,341,010795,04,910047109,0000100517,100517,UNITED AIRLINES HOLDINGS INC,,,,,
64995,2535,2010-12-31,8.85,880471.0,7792168.35,KEY,KEYCORP NEW,11,1,49326710,343,342,009783,01,493267108,0000091576,91576,KEYCORP,,,,,
66384,4879,2010-12-31,33.9,229800.0,7790220.0,WDC,WESTERN DIGITAL CORP,11,1,95810210,344,343,011399,01,958102105,0000106040,106040,WESTERN DIGITAL CORP,,,,,
71175,21798,2010-12-31,24.22,317144.0,7681227.68,UNM,UNUM GROUP,11,1,91529Y10,345,344,012726,01,91529Y106,0000005513,5513,UNUM GROUP,,,,,
11674,20574,2010-12-31,45.32,169117.0,7664382.44,DTE,D T E ENERGY CO,11,1,23333110,346,345,003897,01,233331107,0000936340,936340,DTE ENERGY CO,,,,,
40125,20493,2010-12-31,49.6,154484.0,7662406.4,CSC,COMPUTER SCIENCES CORP,11,1,20536310,347,346,<NA>,,,,,,,,,,
18403,21375,2010-12-31,32.31,236596.0,7644416.760000001,JCP,PENNEY J C CO INC,11,1,70816010,348,347,<NA>,,,,,,,,,,
82196,13960,2010-12-31,19.09,399679.0,7629872.11,DNR,DENBURY RESOURCES INC,11,1,24791620,349,348,<NA>,,,,,,,,,,
89685,43910,2010-12-31,44.66,169661.0,7577060.26,NIHD,N I I HOLDINGS INC,11,3,62913F20,350,349,140902,03,62913F508,0001037016,1037016,NII HOLDINGS INC,,,,,
76201,10634,2010-12-31,28.98,261060.0,7565518.8,XLNX,XILINX INC,11,3,98391910,351,350,022325,01,983919101,0000743988,743988,XILINX INC,,,,,
91556,7684,2010-12-31,63.25,119085.0,7532126.25,ROST,ROSS STORES INC,11,3,77829610,352,351,009248,01,778296103,0000745732,745732,ROSS STORES INC,,,,,
89509,43520,2010-12-31,88.53,84701.0,7498579.53,XEC,CIMAREX ENERGY CO,11,1,17179810,353,352,150699,01,171798101,0001168054,1168054,CIMAREX ENERGY CO,,,,,
25081,1261,2010-12-31,42.24,176492.0,7455022.08,CMA,COMERICA INC,11,1,20034010,354,353,003231,01,200340107,0000028412,28412,COMERICA INC,,,,,
83111,14394,2010-12-31,80.55,91494.0,7369841.7,ALXN,ALEXION PHARMACEUTICALS INC,11,3,01535110,355,354,062263,01,015351109,0000899866,899866,ALEXION PHARMACEUTICALS INC,,,,,
47626,20363,2010-12-31,27.05,269219.0,7282373.95,CNA,C N A FINANCIAL CORP,11,1,12611710,356,355,002558,01,126117100,0000021175,21175,CNA FINANCIAL CORP,,,,,
11891,9764,2010-12-31,14.85,488505.0,7254299.25,MGM,M G M RESORTS INTERNATIONAL,11,1,55295310,357,356,014418,01,552953101,0000789570,789570,MGM RESORTS INTERNATIONAL,,,,,
90277,13691,2010-12-31,89.4,81087.0,7249177.800000001,BUCY,BUCYRUS INTERNATIONAL INC NEW,11,3,11875910,358,357,024363,01,118759109,0000740761,740761,BUCYRUS INTERNATIONAL INC,,,,,
77338,11344,2010-12-31,76.43,94671.0,7235704.53,ROP,ROPER INDUSTRIES INC NEW,11,1,77669610,359,358,024925,01,776696106,0000882835,882835,ROPER TECHNOLOGIES INC,,,,,
90547,46145,2010-12-31,60.03,120404.0,7227852.12,ANR,ALPHA NATURAL RESOURCES INC,11,1,02076X10,360,359,<NA>,,,,,,,,,,
78875,11946,2010-12-31,65.89,109308.0,7202304.12,CREE,CREE INC,11,3,22544710,361,360,<NA>,,,,,,,,,,
50017,2706,2010-12-31,44.98,160072.0,7200038.56,RRC,RANGE RESOURCES CORP,11,1,75281A10,362,361,006788,01,75281A109,0000315852,315852,RANGE RESOURCES CORP,2010-11-19,10-K-A,0000950123-10-107366,20101119_10-K-A_edgar_data_315852_0000950123-10-107366.txt,D:\HEC\Courses\TM3\Data\Project 2\data\data\2010\QTR4_10-K_files\20101119_10-K-A_edgar_data_315852_0000950123-10-107366.txt
89508,43519,2010-12-31,31.88,224855.0,7168377.399999999,KMX,CARMAX INC,11,1,14313010,363,362,064410,01,143130102,0001170010,1170010,CARMAX INC,,,,,
77976,11735,2010-12-31,46.31,154144.0,7138408.640000001,MFE,MCAFEE INC,11,1,57906410,364,363,025783,01,579064106,0000890801,890801,MCAFEE INC,,,,,
76744,11042,2010-12-31,35.03,203523.0,7129410.69,VRTX,VERTEX PHARMACEUTICALS INC,11,3,92532F10,365,364,024344,01,92532F100,0000875320,875320,VERTEX PHARMACEUTICALS INC,,,,,
85072,32009,2010-12-31,110.92,64231.0,7124502.5200000005,RL,POLO RALPH LAUREN CORP,11,1,73157210,366,365,064891,01,751212101,0001037038,1037038,RALPH LAUREN CORP,,,,,
20415,21097,2010-12-31,29.18,243317.0,7099990.06,LUK,LEUCADIA NATIONAL CORP,11,1,52728810,367,366,<NA>,,,,,,,,,,
82651,31208,2010-12-31,77.71,91330.0,7097254.3,WAT,WATERS CORP,11,1,94184810,368,367,061574,01,941848103,0001000697,1000697,WATERS CORP,,,,,
91391,50964,2010-12-31,13.94,504300.0,7029942.0,WIN,WINDSTREAM CORP,11,3,97381W10,369,368,<NA>,,,,,,,,,,
81481,13603,2010-12-31,56.08,125221.0,7022393.68,DLTR,DOLLAR TREE INC,11,3,25674610,370,369,031587,01,256746108,0000935703,935703,DOLLAR TREE INC,,,,,
43721,21123,2010-12-31,106.88,65630.0,7014534.399999999,LZ,LUBRIZOL CORP,11,1,54927110,371,370,039225,01,52466B103,0001286139,1286139,LEGALZOOM.COM INC,,,,,
84656,31946,2010-12-31,78.94,88717.0,7003319.98,ALV,AUTOLIV INC,11,1,05280010,372,371,064690,01,052800109,0001034670,1034670,AUTOLIV INC,,,,,
11896,9698,2010-12-31,23.62,296476.0,7002763.12,MXIM,MAXIM INTEGRATED PRODUCTS INC,11,3,57772K10,373,372,014256,01,57772K101,0000743316,743316,MAXIM INTEGRATED PRODUCTS,2010-11-30,10-K-A,0001445305-10-001426,20101130_10-K-A_edgar_data_743316_0001445305-10-001426.txt,D:\HEC\Courses\TM3\Data\Project 2\data\data\2010\QTR4_10-K_files\20101130_10-K-A_edgar_data_743316_0001445305-10-001426.txt
83906,14927,2010-12-31,80.92,85242.0,6897782.640000001,SRCL,STERICYCLE INC,11,3,85891210,374,373,063527,01,858912108,0000861878,861878,STERICYCLE INC,,,,,
92293,52762,2010-12-31,41.16,167500.0,6894299.999999999,TDC,TERADATA CORP DE,11,1,88076W10,375,374,178310,01,88076W103,0000816761,816761,TERADATA CORP,,,,,
23536,21931,2010-12-31,58.86,116897.0,6880557.42,WEC,WISCONSIN ENERGY CORP,11,1,97665710,376,375,011550,01,92939U106,0000783325,783325,WEC ENERGY GROUP INC,,,,,
89901,44613,2010-12-31,117.19,58549.0,6861357.31,WLL,WHITING PETROLEUM CORP NEW,11,1,96638710,377,376,155393,05,966387508,0001255474,1255474,WHITING PETROLEUM CORP,,,,,
78916,11965,2010-12-31,51.65,132514.0,6844348.1,WPI,WATSON PHARMACEUTICALS INC,11,1,94268310,378,377,<NA>,,,,,,,,,,
32870,20932,2010-12-31,51.26,133124.0,6823936.239999999,HRL,HORMEL FOODS CORP,11,1,44045210,379,378,005709,01,440452100,0000048465,48465,HORMEL FOODS CORP,2010-12-21,10-K,0001104659-10-063729,20101221_10-K_edgar_data_48465_0001104659-10-063729.txt,D:\HEC\Courses\TM3\Data\Project 2\data\data\2010\QTR4_10-K_files\20101221_10-K_edgar_data_48465_0001104659-10-063729.txt
82540,14037,2010-12-31,127.84,52894.0,6761968.96,WLT,WALTER ENERGY INC,11,1,93317Q10,380,379,<NA>,,,,,,,,,,
24985,21808,2010-12-31,28.19,239829.0,6760779.510000001,AEE,AMEREN CORP,11,1,02360810,381,380,010860,01,023608102,0001002910,1002910,AMEREN CORP,,,,,
92709,53039,2010-12-31,51.75,130594.0,6758239.5,SNI,SCRIPPS NETWORKS INTERACTIVE INC,11,1,81106510,382,381,<NA>,,,,,,,,,,
82307,30975,2010-12-31,69.49,97200.0,6754427.999999999,DVA,DAVITA INC,11,1,23918K10,383,382,061483,01,23918K108,0000927066,927066,DAVITA INC,,,,,
25419,21916,2010-12-31,88.83,76020.0,6752856.6,WHR,WHIRLPOOL CORP,11,1,96332010,384,383,011465,01,963320106,0000106640,106640,WHIRLPOOL CORP,,,,,
87070,16646,2010-12-31,12.74,526718.0,6710387.32,HCBK,HUDSON CITY BANCORP INC,11,3,44368310,385,384,122015,01,443683107,0000921847,921847,HUDSON CITY BANCORP INC,,,,,
24328,20662,2010-12-31,44.84,149144.0,6687616.960000001,EQT,E Q T CORP,11,1,26884L10,386,385,004430,01,26884L109,0000033213,33213,EQT CORP,,,,,
30940,1425,2010-12-31,119.22,55831.0,6656171.82,FLS,FLOWSERVE CORP,11,1,34354P10,387,386,004108,01,34354P105,0000030625,30625,FLOWSERVE CORP,,,,,
21792,20939,2010-12-31,15.72,423184.0,6652452.48,CNP,CENTERPOINT ENERGY INC,11,1,15189T10,388,387,005742,01,15189T107,0001130310,1130310,CENTERPOINT ENERGY INC,,,,,
90199,45270,2010-12-31,20.48,322894.0,6612869.12,CBG,C B RICHARD ELLIS GROUP INC,11,1,12497T10,389,388,<NA>,,,,,,,,,,
91068,50184,2010-12-31,212.66,30945.0,6580763.7,CMG,CHIPOTLE MEXICAN GRILL INC,11,1,16965610,390,389,165914,01,169656105,0001058090,1058090,CHIPOTLE MEXICAN GRILL INC,,,,,
84624,15384,2010-12-31,62.01,106081.0,6578082.81,ROVI,ROVI CORP,11,3,77937610,391,390,<NA>,,,,,,,,,,
23579,21743,2010-12-31,23.64,274901.0,6498659.640000001,TXT,TEXTRON INC,11,1,88320310,392,391,010519,01,883203101,0000217346,217346,TEXTRON INC,,,,,
52978,20887,2010-12-31,47.18,137416.0,6483286.88,HAS,HASBRO INC,11,3,41805610,393,392,005518,01,418056107,0000046080,46080,HASBRO INC,,,,,
86106,29374,2010-12-31,62.38,103762.0,6472673.5600000005,EEP,ENBRIDGE ENERGY PARTNERS LP,11,1,29250R10,394,393,024810,01,29250R106,0000880285,880285,ENBRIDGE ENERGY PRTNRS  -LP,,,,,
46886,2551,2010-12-31,38.64,167221.0,6461419.44,KLAC,K L A TENCOR CORP,11,3,48248010,395,394,006304,01,482480100,0000319201,319201,KLA CORP,,,,,
78987,12027,2010-12-31,34.21,188306.0,6441948.26,MCHP,MICROCHIP TECHNOLOGY INC,11,3,59501710,396,395,027965,01,595017104,0000827054,827054,MICROCHIP TECHNOLOGY INC,,,,,
90162,45174,2010-12-31,13.14,489596.0,6433291.44,GNW,GENWORTH FINANCIAL INC,11,1,37247D10,397,396,158354,01,37247D106,0001276520,1276520,GENWORTH FINANCIAL INC,,,,,
80924,13304,2010-12-31,1.6301,3933195.0,6411501.169500001,SIRI,SIRIUS X M RADIO INC,11,3,82967N10,398,397,030662,01,829933100,0000908937,908937,SIRIUS XM HOLDINGS INC,,,,,
90520,46091,2010-12-31,41.17,155664.0,6408686.88,CE,CELANESE CORP DEL,11,1,15087010,399,398,162254,01,150870103,0001306830,1306830,CELANESE CORP,,,,,
48486,7013,2010-12-31,51.78,123254.0,6382092.12,LRCX,LAM RESH CORP,11,3,51280710,400,399,006565,01,512807306,0000707549,707549,LAM RESEARCH CORP,,,,,
93422,53439,2010-12-31,36.31,175621.0,6376798.510000001,QEP,Q E P RESOURCES INC,11,1,74733V10,401,400,154357,01,74733V100,0001108827,1108827,QEP RESOURCES INC,,,,,
81655,30886,2010-12-31,46.44,137300.0,6376212.0,DRI,DARDEN RESTAURANTS INC,11,1,23719410,402,401,031846,01,237194105,0000940944,940944,DARDEN RESTAURANTS INC,,,,,
90052,44911,2010-12-31,52.7,120803.0,6366318.100000001,TRW,T R W AUTOMOTIVE HOLDINGS CORP,11,1,87264S10,403,402,157415,01,87264S106,0001267097,1267097,TRW AUTOMOTIVE HOLDINGS CORP,,,,,
53866,20690,2010-12-31,49.71,126385.0,6282598.350000001,FDO,FAMILY DOLLAR STORES INC,11,1,30700010,404,403,004560,01,307000109,0000034408,34408,FAMILY DOLLAR STORES,2010-10-26,10-K,0001193125-10-236638,20101026_10-K_edgar_data_34408_0001193125-10-236638.txt,D:\HEC\Courses\TM3\Data\Project 2\data\data\2010\QTR4_10-K_files\20101026_10-K_edgar_data_34408_0001193125-10-236638.txt
85257,32054,2010-12-31,39.25,160050.0,6281962.5,AME,AMETEK INC NEW,11,1,03110010,405,404,001598,01,031100100,0001037868,1037868,AMETEK INC,,,,,
90808,47013,2010-12-31,25.09,248347.0,6231026.23,EXPE,EXPEDIA INC DE,11,3,30212P10,406,405,126296,02,30212P303,0001324424,1324424,EXPEDIA GROUP INC,,,,,
48506,20610,2010-12-31,26.54,234200.0,6215668.0,MCO,MOODYS CORP,11,1,61536910,407,406,139665,01,615369105,0001059556,1059556,MOODY'S CORP,,,,,
29946,20340,2010-12-31,69.62,88565.0,6165895.300000001,BF,BROWN FORMAN CORP,11,1,11563720,408,407,<NA>,,,,,,,,,,
24221,20258,2010-12-31,30.63,199805.0,6120027.149999999,CEG,CONSTELLATION ENERGY GROUP INC,11,1,21037110,409,408,040614,01,21037T109,0001868275,1868275,CONSTELLATION ENE CORP,,,,,
66325,6412,2010-12-31,12.59,485590.0,6113578.1,SLM,S L M CORP,11,1,78442P10,410,409,020430,01,78442P106,0001032033,1032033,SLM CORP,,,,,
80080,30070,2010-12-31,84.08,72128.0,6064522.24,EMN,EASTMAN CHEMICAL CO,11,1,27743210,411,410,029392,01,277432100,0000915389,915389,EASTMAN CHEMICAL CO,,,,,
88989,41578,2010-12-31,66.88,90297.0,6039063.359999999,KMR,KINDER MORGAN MANAGEMENT LLC,11,1,49455U10,412,411,143640,01,49455U100,0001135017,1135017,KINDER MORGAN MANAGEMENT LLC,,,,,
57568,20257,2010-12-31,68.05,88321.0,6010244.05,BLL,BALL CORP,11,1,05849810,413,412,<NA>,,,,,,,,,,
91575,51423,2010-12-31,14.49,412517.0,5977371.33,HTZ,HERTZ GLOBAL HOLDINGS INC,11,1,42805T10,414,413,005600,08,42806J700,0001657853,1657853,HERTZ GLOBAL HOLDINGS INC,,,,,
42906,2093,2010-12-31,6.87,863339.0,5931138.93,HBAN,HUNTINGTON BANCSHARES INC,11,3,44615010,415,414,005786,01,446150104,0000049196,49196,HUNTINGTON BANCSHARES,,,,,
92530,31726,2010-12-31,13.34,444530.0,5930030.2,CPN,CALPINE CORP,11,1,13134730,416,415,063605,02,131347304,0000916457,916457,CALPINE CORP,,,,,
25232,21332,2010-12-31,55.47,106492.0,5907111.24,OKE,ONEOK INC NEW,11,1,68268010,417,416,008151,01,682680103,0001039684,1039684,ONEOK INC,2010-10-12,10-K-A,0001039684-10-000025,20101012_10-K-A_edgar_data_1039684_0001039684-10-000025.txt,D:\HEC\Courses\TM3\Data\Project 2\data\data\2010\QTR4_10-K_files\20101012_10-K-A_edgar_data_1039684_0001039684-10-000025.txt
91547,51338,2010-12-31,15.86,371817.0,5897017.62,SAI,S A I C INC,11,1,78390X10,418,417,<NA>,,,,,,,,,,
79881,12546,2010-12-31,35.81,164044.0,5874415.640000001,URBN,URBAN OUTFITTERS INC,11,3,91704710,419,418,029150,01,917047102,0000912615,912615,URBAN OUTFITTERS INC,,,,,
77182,11257,2010-12-31,63.33,92337.0,5847702.21,PRGO,PERRIGO CO,11,3,71429010,420,419,024782,01,G97822103,0001585364,1585364,PERRIGO CO PLC,,,,,
25582,20883,2010-12-31,45.3,128279.0,5811038.699999999,HRS,HARRIS CORP,11,1,41387510,421,420,<NA>,,,,,,,,,,
12074,9921,2010-12-31,33.0,175726.0,5798958.0,PDE,PRIDE INTERNATIONAL INC DEL,11,1,74153Q10,422,421,014908,01,74153Q102,0000833081,833081,PRIDE INTERNATIONAL INC,,,,,
19166,20681,2010-12-31,79.89,72536.0,5794901.04,FMC,F M C CORP,11,1,30249130,423,422,004510,01,302491303,0000037785,37785,FMC CORP,,,,,
52329,21011,2010-12-31,45.85,126150.0,5783977.5,JEC,JACOBS ENGINEERING GROUP INC,11,1,46981410,424,423,<NA>,,,,,,,,,,
90805,47011,2010-12-31,41.7,138000.0,5754600.0,DISCA,DISCOVERY COMMUNICATIONS INC,11,3,25470F10,425,424,<NA>,,,,,,,,,,
92988,53189,2010-12-31,25.7,222943.0,5729635.1,CFN,CAREFUSION CORP,11,1,14170T10,426,425,183257,01,14170T101,0001457543,1457543,CAREFUSION CORP,,,,,
35051,21360,2010-12-31,49.58,115472.0,5725101.76,PLL,PALL CORP,11,1,69642930,427,426,253501,02,72016P105,0001728205,1728205,PIEDMONT LITHIUM INC,,,,,
75326,20221,2010-12-31,35.06,162482.0,5696618.92,ACI,ARCH COAL INC,11,1,03938010,428,427,025645,01,013091103,0001646972,1646972,ALBERTSONS COS INC,,,,,
15202,21876,2010-12-31,44.36,128391.0,5695424.76,VMC,VULCAN MATERIALS CO,11,1,92916010,429,428,011228,01,929160109,0001396009,1396009,VULCAN MATERIALS CO,,,,,
82581,14098,2010-12-31,61.39,91939.0,5644135.21,HSIC,SCHEIN HENRY INC,11,3,80640710,430,429,061494,01,806407102,0001000228,1000228,HENRY SCHEIN INC,,,,,
85753,15940,2010-12-31,32.67,172736.0,5643285.12,VRSN,VERISIGN INC,11,3,92343E10,431,430,066368,01,92343E102,0001014473,1014473,VERISIGN INC,,,,,
81138,13457,2010-12-31,39.49,142670.0,5634038.300000001,APOL,APOLLO GROUP INC,11,3,03760410,432,431,031122,01,037604105,0000929887,929887,APOLLO EDUCATION GROUP INC,2010-10-21,10-K,0000950123-10-094652,20101021_10-K_edgar_data_929887_0000950123-10-094652.txt,D:\HEC\Courses\TM3\Data\Project 2\data\data\2010\QTR4_10-K_files\20101021_10-K_edgar_data_929887_0000950123-10-094652.txt
76584,10860,2010-12-31,12.32,456788.0,5627628.16,ATML,ATMEL CORP,11,3,04951310,433,432,023767,01,049513104,0000872448,872448,ATMEL CORP,,,,,
44206,21299,2010-12-31,31.88,176318.0,5621017.84,NU,NORTHEAST UTILITIES,11,1,66439710,434,433,039997,01,G6683N103,0001691493,1691493,NU HOLDINGS LTD,,,,,
52090,2801,2010-12-31,46.53,120734.0,5617753.0200000005,MKC,MCCORMICK & CO INC,11,1,57978020,435,434,007146,01,579780206,0000063754,63754,MCCORMICK & CO INC,,,,,
61241,211,2010-12-31,8.18,681763.0,5576821.34,AMD,ADVANCED MICRO DEVICES INC,11,1,00790310,436,435,001161,01,007903107,0000002488,2488,ADVANCED MICRO DEVICES,,,,,
89217,42402,2010-12-31,66.15,84053.0,5560105.95,AAP,ADVANCE AUTO PARTS INC,11,1,00751Y10,437,436,145977,01,00751Y106,0001158449,1158449,ADVANCE AUTO PARTS INC,,,,,
65330,21092,2010-12-31,36.27,153000.0,5549310.000000001,LM,LEGG MASON INC,11,1,52490110,438,437,006653,01,524901105,0000704051,704051,LEGG MASON INC,,,,,
87054,16643,2010-12-31,18.25,302407.0,5518927.75,HK,PETROHAWK ENERGY CORP,11,1,71649510,439,438,<NA>,,,,,,,,,,
26382,20745,2010-12-31,53.65,102124.0,5478952.6,MEE,MASSEY ENERGY CO,11,1,57620610,440,439,141400,01,576206106,0000037748,37748,MASSEY ENERGY CO,,,,,
75828,10303,2010-12-31,16.38,334000.0,5470920.0,ERTS,ELECTRONIC ARTS INC,11,3,28551210,441,440,<NA>,,,,,,,,,,
82759,14205,2010-12-31,18.18,300185.0,5457363.3,NUAN,NUANCE COMMUNICATIONS INC,11,3,67020Y10,442,441,061685,01,67020Y100,0001002517,1002517,NUANCE COMMUNICATIONS INC,2010-11-29,10-K,0000950123-10-109408,20101129_10-K_edgar_data_1002517_0000950123-10-109408.txt,D:\HEC\Courses\TM3\Data\Project 2\data\data\2010\QTR4_10-K_files\20101129_10-K_edgar_data_1002517_0000950123-10-109408.txt
43123,21722,2010-12-31,55.18,98592.0,5440306.56,ATI,ALLEGHENY TECHNOLOGIES,11,1,01741R10,443,442,010405,01,01741R102,0001018963,1018963,ATI INC -NEW,,,,,
38420,20532,2010-12-31,15.98,338336.0,5406609.28,CHMT,CHEMTURA CORP,11,1,16389320,444,443,<NA>,,,,,,,,,,
25590,21255,2010-12-31,65.62,82191.0,5393373.42,NFG,NATIONAL FUEL GAS CO N J,11,1,63618010,445,444,007733,01,636180101,0000070145,70145,NATIONAL FUEL GAS CO,2010-11-24,10-K,0000950123-10-108604,20101124_10-K_edgar_data_70145_0000950123-10-108604.txt,D:\HEC\Courses\TM3\Data\Project 2\data\data\2010\QTR4_10-K_files\20101124_10-K_edgar_data_70145_0000950123-10-108604.txt
17726,20537,2010-12-31,33.38,159344.0,5318902.720000001,CCK,CROWN HOLDINGS INC,11,1,22836810,446,445,003619,01,228368106,0001219601,1219601,CROWN HOLDINGS INC,,,,,
91485,51210,2010-12-31,35.17,150868.0,5306027.5600000005,RVBD,RIVERBED TECHNOLOGY INC,11,3,76857310,447,446,174317,01,768573107,0001357326,1357326,RIVERBED TECHNOLOGY INC,,,,,
45911,20058,2010-12-31,28.63,184966.0,5295576.58,SWKS,SKYWORKS SOLUTIONS INC,11,3,83088M10,448,447,001327,01,83088M102,0000004127,4127,SKYWORKS SOLUTIONS INC,2010-11-29,10-K,0000950123-10-109435,20101129_10-K_edgar_data_4127_0000950123-10-109435.txt,D:\HEC\Courses\TM3\Data\Project 2\data\data\2010\QTR4_10-K_files\20101129_10-K_edgar_data_4127_0000950123-10-109435.txt
77730,4620,2010-12-31,17.22,307125.0,5288692.5,TSN,TYSON FOODS INC,11,1,90249410,449,448,010793,01,902494103,0000100493,100493,TYSON FOODS INC  -CL A,2010-11-22,10-K,0001193125-10-265708,20101122_10-K_edgar_data_100493_0001193125-10-265708.txt,D:\HEC\Courses\TM3\Data\Project 2\data\data\2010\QTR4_10-K_files\20101122_10-K_edgar_data_100493_0001193125-10-265708.txt
60986,3178,2010-12-31,18.18,290300.0,5277654.0,NWL,NEWELL RUBBERMAID INC,11,1,65122910,450,449,007875,01,651229106,0000814453,814453,NEWELL BRANDS INC,,,,,
45277,5132,2010-12-31,17.69,298200.0,5275158.0,IGT,INTERNATIONAL GAME TECHNOLOGY,11,1,45990210,451,450,<NA>,,,,,,,,,,
70308,20033,2010-12-31,62.46,84074.0,5251262.04,ARG,AIRGAS INC,11,1,00936310,452,451,012950,01,009363102,0000804212,804212,AIRGAS INC,,,,,
91392,50965,2010-12-31,29.96,174967.0,5242011.32,WYN,WYNDHAM WORLDWIDE CORP,11,1,98310W10,453,452,<NA>,,,,,,,,,,
81736,13753,2010-12-31,34.64,151192.0,5237290.88,RMD,RESMED INC,11,1,76115210,454,453,031887,01,761152107,0000943819,943819,RESMED INC,,,,,
75383,21965,2010-12-31,75.23,69248.0,5209527.04,BEC,BECKMAN COULTER INC,11,1,07581110,455,454,015106,01,075811109,0000840467,840467,BECKMAN COULTER INC,,,,,
53065,20997,2010-12-31,10.62,488735.0,5190365.699999999,IPG,INTERPUBLIC GROUP COS INC,11,1,46069010,456,455,006136,01,460690100,0000051644,51644,INTERPUBLIC GROUP OF COS,,,,,
23085,21570,2010-12-31,40.6,127223.0,5165253.8,SCG,SCANA CORP NEW,11,1,80589M10,457,456,009445,01,80589M102,0000754737,754737,SCANA CORP,,,,,
90992,48792,2010-12-31,80.39,64196.0,5160716.44,IHS,I H S INC,11,1,45173410,458,457,039676,01,G4701H109,0001876183,1876183,IHS HOLDING LIMITED,,,,,
87659,36954,2010-12-31,72.9,70584.0,5145573.600000001,ENR,ENERGIZER HOLDINGS INC,11,1,29266R10,459,458,023083,01,29272W109,0001632790,1632790,ENERGIZER HOLDINGS INC,,,,,
32707,20902,2010-12-31,48.48,105986.0,5138201.279999999,HP,HELMERICH & PAYNE INC,11,1,42345210,460,459,005581,01,423452101,0000046765,46765,HELMERICH & PAYNE,2010-11-24,10-K,0001047469-10-010040,20101124_10-K_edgar_data_46765_0001047469-10-010040.txt,D:\HEC\Courses\TM3\Data\Project 2\data\data\2010\QTR4_10-K_files\20101124_10-K_edgar_data_46765_0001047469-10-010040.txt
23473,912,2010-12-31,31.69,162000.0,5133780.0,CINF,CINCINNATI FINANCIAL CORP,11,3,17206210,461,460,014824,01,172062101,0000020286,20286,CINCINNATI FINANCIAL CORP,,,,,
75285,20312,2010-12-31,62.76,81567.0,5119144.92,MAN,MANPOWER INC WIS,11,1,56418H10,462,461,014370,01,56418H100,0000871763,871763,MANPOWERGROUP,,,,,
85593,32136,2010-12-31,99.22,51572.0,5116973.84,AMG,AFFILIATED MANAGERS GROUP INC,11,1,00825210,463,462,065886,01,008252108,0001004434,1004434,AFFILIATED MANAGERS GRP INC,,,,,
80191,30249,2010-12-31,55.78,91571.0,5107830.38,ALB,ALBEMARLE CORP,11,1,01265310,464,463,029751,01,012653101,0000915913,915913,ALBEMARLE CORP,,,,,
92778,47011,2010-12-31,36.69,139000.0,5099910.0,DISCK,DISCOVERY COMMUNICATIONS INC,11,3,25470F30,465,464,164296,03,25470F302,0001437107,1437107,WARNER BROS DISCOVERY INC,,,,,
88335,37710,2010-12-31,34.92,145234.0,5071571.28,DNDN,DENDREON CORP,11,3,24823Q10,466,465,<NA>,,,,,,,,,,
83976,22200,2010-12-31,57.63,87846.0,5062564.98,ANF,ABERCROMBIE & FITCH CO,11,1,00289620,467,466,063643,01,002896207,0001018840,1018840,ABERCROMBIE & FITCH  -CL A,,,,,
12073,9847,2010-12-31,14.01,359100.0,5030991.0,PBCT,PEOPLES UNITED FINANCIAL INC,11,3,71270410,468,467,016245,01,712704105,0001378946,1378946,PEOPLE'S UNITED FINL INC,,,,,
77157,22462,2010-12-31,30.7,163636.0,5023625.2,OI,OWENS ILL INC,11,1,69076840,469,468,008215,02,67098H104,0000812074,812074,O-I GLASS INC,,,,,
27684,20239,2010-12-31,33.03,151961.0,5019271.83,AVT,AVNET INC,11,1,05380710,470,469,001919,01,053807103,0000008858,8858,AVNET INC,,,,,
93101,30388,2010-12-31,98.71,50806.0,5015060.26,LEA,LEAR CORP,11,1,52186520,471,470,016477,03,521865204,0000842162,842162,LEAR CORP,,,,,
83143,14330,2010-12-31,25.01,200129.0,5005226.29,IRM,IRON MOUNTAIN INC,11,1,46284610,472,471,062374,01,46284V101,0001020569,1020569,IRON MOUNTAIN INC,,,,,
85621,32158,2010-12-31,151.21001,32825.0,4963468.57825,MTD,METTLER TOLEDO INTERNATIONAL INC,11,1,59268810,473,472,065772,01,592688105,0001037646,1037646,METTLER-TOLEDO INTL INC,,,,,
42877,6606,2010-12-31,40.81,121490.0,4958006.9,JBHT,HUNT J B TRANSPORT SERVICES INC,11,3,44565810,474,473,005783,01,445658107,0000728535,728535,HUNT (JB) TRANSPRT SVCS INC,,,,,
24459,21411,2010-12-31,24.18,203354.0,4917099.72,PBI,PITNEY BOWES INC,11,1,72447910,475,474,008606,01,724479100,0000078814,78814,PITNEY BOWES INC,,,,,
12650,21033,2010-12-31,47.86,102611.0,4910962.46,KSU,KANSAS CITY SOUTHERN,11,1,48517030,476,475,006335,01,485170302,0000054480,54480,KANSAS CITY SOUTHERN,,,,,
23393,1103,2010-12-31,69.02,71134.0,4909668.68,CHD,CHURCH & DWIGHT INC,11,1,17134010,477,476,003026,01,171340102,0000313927,313927,CHURCH & DWIGHT INC,,,,,
38762,21244,2010-12-31,17.62,278306.0,4903751.720000001,NI,NISOURCE INC,11,1,65473P10,478,477,007974,01,65473P105,0001111711,1111711,NISOURCE INC,,,,,
76095,10504,2010-12-31,18.82,260040.0,4893952.8,HOLX,HOLOGIC INC,11,3,43644010,479,478,020904,01,436440101,0000859737,859737,HOLOGIC INC,2010-11-24,10-K,0001193125-10-268147,20101124_10-K_edgar_data_859737_0001193125-10-268147.txt,D:\HEC\Courses\TM3\Data\Project 2\data\data\2010\QTR4_10-K_files\20101124_10-K_edgar_data_859737_0001193125-10-268147.txt
93089,53256,2010-12-31,34.08,143068.0,4875757.44,VRSK,VERISK ANALYTICS INC,11,3,92345Y10,480,479,180652,01,92345Y106,0001442145,1442145,VERISK ANALYTICS INC,,,,,
14656,21686,2010-12-31,40.31,120579.0,4860539.49,SUN,SUNOCO INC,11,1,86764P10,481,480,012892,01,86765K109,0001552275,1552275,SUNOCO LP,,,,,
11600,9424,2010-12-31,34.17,141800.0,4845306.0,XRAY,DENTSPLY INTERNATIONAL INC NEW,11,3,24903010,482,481,013700,01,24906P109,0000818479,818479,DENTSPLY SIRONA INC,,,,,
90071,37496,2010-12-31,19.54,247197.0,4830229.38,NRG,N R G ENERGY INC,11,1,62937750,483,482,135990,03,629377508,0001013871,1013871,NRG ENERGY INC,,,,,
76230,10691,2010-12-31,39.93,120939.0,4829094.27,TRMB,TRIMBLE NAVIGATION LTD,11,3,89623910,484,483,022815,01,896239100,0000864749,864749,TRIMBLE INC,,,,,
62308,21764,2010-12-31,59.74,80054.0,4782425.96,TMK,TORCHMARK CORP,11,1,89102710,485,484,<NA>,,,,,,,,,,
83621,14744,2010-12-31,52.07,91647.0,4772059.29,ANSS,ANSYS INC,11,3,03662Q10,486,485,063080,01,03662Q105,0001013462,1013462,ANSYS INC,,,,,
79265,12214,2010-12-31,29.75,159212.0,4736557.0,FLIR,FLIR SYSTEMS INC,11,3,30244510,487,486,028477,01,302445101,0000354908,354908,FLIR SYSTEMS INC,,,,,
77520,11473,2010-12-31,50.66,93046.0,4713710.359999999,AGCO,A G C O CORP,11,1,00108410,488,487,025180,01,001084102,0000880266,880266,AGCO CORP,,,,,
86996,16584,2010-12-31,40.94,114832.0,4701222.08,SBAC,S B A COMMUNICATIONS CORP,11,3,78388J10,489,488,121382,01,78410G104,0001034054,1034054,SBA COMMUNICATIONS CORP,,,,,
91275,41998,2010-12-31,62.56,75140.0,4700758.4,LCAPA,LIBERTY MEDIA CORP NEW,11,3,53071M30,490,489,<NA>,,,,,,,,,,
79411,12305,2010-12-31,39.82,117605.0,4683031.1,PETM,PETSMART INC,11,3,71676810,491,490,028648,01,716768106,0000863157,863157,PETSMART INC,,,,,
76625,10902,2010-12-31,61.72,75722.0,4673561.84,CEPH,CEPHALON INC,11,3,15670810,492,491,023945,01,156708109,0000873364,873364,CEPHALON INC,,,,,
79588,12415,2010-12-31,32.86,141570.0,4651990.2,GMCR,GREEN MOUNTAIN COFFEE ROASTERS I,11,3,39312210,493,492,028877,01,49271M100,0001418135,1418135,KEURIG DR PEPPER INC,,,,,
88031,7902,2010-12-31,52.28,88980.0,4651874.4,HANS,HANSEN NATURAL CORP,11,3,41131010,494,493,<NA>,,,,,,,,,,
14795,21758,2010-12-31,47.73,97096.0,4634392.08,TKR,TIMKEN CO,11,1,88738910,495,494,010581,01,887389104,0000098362,98362,TIMKEN CO,,,,,
44601,20238,2010-12-31,42.34,109417.0,4632715.78,AVY,AVERY DENNISON CORP,11,1,05361110,496,495,001913,01,053611109,0000008818,8818,AVERY DENNISON CORP,,,,,
92402,52840,2010-12-31,38.96,118776.0,4627512.96,MSCI,M S C I INC,11,1,55354G10,497,496,178507,01,55354G100,0001408198,1408198,MSCI INC,,,,,
91579,51426,2010-12-31,30.47,150962.0,4599812.14,KBR,K B R INC,11,1,48242W10,498,497,174310,01,48242W106,0001357615,1357615,KBR INC,,,,,
86804,35031,2010-12-31,26.63,171694.0,4572211.22,JEF,JEFFERIES GROUP INC NEW,11,1,47231910,499,498,006682,01,47233W109,0000096223,96223,JEFFERIES FINANCIAL GRP INC,,,,,
23229,20361,2010-12-31,18.6,244576.0,4549113.600000001,CMS,C M S ENERGY CORP,11,1,12589610,500,499,003439,01,125896100,0000811156,811156,CMS ENERGY CORP,,,,,
